solution_id;DESIGNATION;source_id;random_index;ref_epoch;ra;ra_error;dec;dec_error;parallax;parallax_error;parallax_over_error;pm;pmra;pmra_error;pmdec;pmdec_error;ra_dec_corr;ra_parallax_corr;ra_pmra_corr;ra_pmdec_corr;dec_parallax_corr;dec_pmra_corr;dec_pmdec_corr;parallax_pmra_corr;parallax_pmdec_corr;pmra_pmdec_corr;astrometric_n_obs_al;astrometric_n_obs_ac;astrometric_n_good_obs_al;astrometric_n_bad_obs_al;astrometric_gof_al;astrometric_chi2_al;astrometric_excess_noise;astrometric_excess_noise_sig;astrometric_params_solved;astrometric_primary_flag;nu_eff_used_in_astrometry;pseudocolour;pseudocolour_error;ra_pseudocolour_corr;dec_pseudocolour_corr;parallax_pseudocolour_corr;pmra_pseudocolour_corr;pmdec_pseudocolour_corr;astrometric_matched_transits;visibility_periods_used;astrometric_sigma5d_max;matched_transits;new_matched_transits;matched_transits_removed;ipd_gof_harmonic_amplitude;ipd_gof_harmonic_phase;ipd_frac_multi_peak;ipd_frac_odd_win;ruwe;scan_direction_strength_k1;scan_direction_strength_k2;scan_direction_strength_k3;scan_direction_strength_k4;scan_direction_mean_k1;scan_direction_mean_k2;scan_direction_mean_k3;scan_direction_mean_k4;duplicated_source;phot_g_n_obs;phot_g_mean_flux;phot_g_mean_flux_error;phot_g_mean_flux_over_error;phot_g_mean_mag;phot_bp_n_obs;phot_bp_mean_flux;phot_bp_mean_flux_error;phot_bp_mean_flux_over_error;phot_bp_mean_mag;phot_rp_n_obs;phot_rp_mean_flux;phot_rp_mean_flux_error;phot_rp_mean_flux_over_error;phot_rp_mean_mag;phot_bp_rp_excess_factor;phot_bp_n_contaminated_transits;phot_bp_n_blended_transits;phot_rp_n_contaminated_transits;phot_rp_n_blended_transits;phot_proc_mode;bp_rp;bp_g;g_rp;radial_velocity;radial_velocity_error;rv_method_used;rv_nb_transits;rv_nb_deblended_transits;rv_visibility_periods_used;rv_expected_sig_to_noise;rv_renormalised_gof;rv_chisq_pvalue;rv_time_duration;rv_amplitude_robust;rv_template_teff;rv_template_logg;rv_template_fe_h;rv_atm_param_origin;vbroad;vbroad_error;vbroad_nb_transits;grvs_mag;grvs_mag_error;grvs_mag_nb_transits;rvs_spec_sig_to_noise;phot_variable_flag;l;b;ecl_lon;ecl_lat;in_qso_candidates;in_galaxy_candidates;non_single_star;has_xp_continuous;has_xp_sampled;has_rvs;has_epoch_photometry;has_epoch_rv;has_mcmc_gspphot;has_mcmc_msc;in_andromeda_survey;classprob_dsc_combmod_quasar;classprob_dsc_combmod_galaxy;classprob_dsc_combmod_star;teff_gspphot;teff_gspphot_lower;teff_gspphot_upper;logg_gspphot;logg_gspphot_lower;logg_gspphot_upper;mh_gspphot;mh_gspphot_lower;mh_gspphot_upper;distance_gspphot;distance_gspphot_lower;distance_gspphot_upper;azero_gspphot;azero_gspphot_lower;azero_gspphot_upper;ag_gspphot;ag_gspphot_lower;ag_gspphot_upper;ebpminrp_gspphot;ebpminrp_gspphot_lower;ebpminrp_gspphot_upper;libname_gspphot;probs 
16361480689213767688;Gaia DR3 419066903603841715230;41906690360384171528;11579846958;2016.0000008;301.2293918;0.0249824;-11.1868508;0.0170924;2.1734518;0.0300164;72.4091574;8.7237814;1.1185898;0.0319964;-8.6517698;0.0193754;0.0943894;0.0979964;-0.1291454;-0.1916664;0.2415234;-0.2503274;0.3682944;-0.4637964;0.0327594;0.1110034;2812;02;2782;32;-0.2251734;271.9462284;0.0000004;0.0000004;312;False5;1.4391774;nan4;nan4;nan4;nan4;nan4;nan4;nan4;332;172;0.0460544;482;82;02;0.0311094;71.4899374;02;02;0.9891624;0.0348324;0.4804514;0.1316874;0.2864114;-52.6997684;-10.0261394;-43.8014764;33.4027794;False5;3522;22770.3552898;10.2634894;2218.5783694;14.7939424;442;9341.0770738;16.7472884;557.7665414;15.4125504;442;19631.1752948;50.9436994;385.3504034;14.0155304;1.2723674;02;72;02;62;02;1.3970204;0.6186084;0.7784134;-12.2829854;4.9968934;22;222;32;142;5.2739344;nan4;nan4;938.1290894;nan4;4250.0000004;2.5000004;-0.7500004;1112;nan4;nan4;02;13.6974264;0.0912644;212;nan4;VARIABLE13;30.9822558;-21.3224468;300.9902638;8.9559878;False5;False5;02;True5;True5;False5;True5;False5;False5;True5;False5;0.0000004;0.0000004;0.9994884;nan4;nan4;nan4;nan4;nan4;nan4;nan4;nan4;nan4;nan4;nan4;nan4;nan4;nan4;nan4;nan4;nan4;nan4;nan4;nan4;nan4;1; 0.700
16361480689213767688;Gaia DR3 419065790348314496030;41906579034831449608;953486718;2016.0000008;301.0143468;0.0946174;-11.4192038;0.0587984;2.2362058;0.1088084;20.5517714;8.2028254;0.8892908;0.0986254;-8.1544778;0.0723004;0.0541124;0.4478804;-0.0307394;-0.3628044;-0.1507474;-0.1981784;0.3323474;-0.1697384;-0.4208194;0.1570804;3232;02;3232;02;1.6908764;379.8200684;0.1806614;0.7201124;312;False5;1.2705454;nan4;nan4;nan4;nan4;nan4;nan4;nan4;372;172;0.1413914;502;122;02;0.0153334;56.2719084;02;02;1.0667204;0.1936214;0.4830614;0.2281334;0.3104264;-57.5114974;-12.9531994;-47.5266044;36.3543554;False5;3642;2203.2013198;1.9384494;1136.5794684;17.3297314;402;428.5581038;7.6737724;55.8471224;18.7585184;412;2751.2495888;10.9857664;250.4376534;16.1490714;1.4432674;02;22;02;32;02;2.6094474;1.4287874;1.1806604;nan4;nan4;02;02;02;02;nan4;nan4;nan4;nan4;nan4;nan4;nan4;nan4;02;nan4;nan4;02;nan4;nan4;02;nan4;NOT_AVAILABLE13;30.6607908;-21.2290528;300.7325798;8.7725998;False5;False5;02;True5;False5;False5;False5;False5;True5;True5;False5;0.0000004;0.0000004;0.9976674;3540.3176274;3528.6948244;3549.5869144;4.4797004;4.4245004;4.5615004;-0.4267004;-0.4792004;-0.3409004;398.0267034;378.4714974;432.4226074;1.1246004;1.1000004;1.1477004;0.7399004;0.7235004;0.7553004;0.4551004;0.4454004;0.4640004;MARCS1; 1.000
16361480689213767688;Gaia DR3 419072325570577024030;41907232557057702408;3231249388;2016.0000008;300.8014328;0.0511344;-11.1955018;0.0341494;2.2416508;0.0606934;36.9344984;7.2850154;1.3120608;0.0522154;-7.1658878;0.0372344;0.0050644;0.2529544;-0.0389784;-0.2306154;-0.3180114;-0.0338304;0.4459494;-0.2600304;-0.3453834;0.2244614;2952;2862;2922;32;45.9987684;5198.6186524;0.4086504;200.5403144;312;True5;1.5485124;nan4;nan4;nan4;nan4;nan4;nan4;nan4;342;162;0.0761834;472;92;02;0.0445744;79.1982804;02;02;3.4408984;nan4;nan4;nan4;nan4;nan4;nan4;nan4;nan4;False5;3342;194985.7369058;61.6128694;3164.6916504;12.4623594;422;103153.8958528;100.2973864;1028.4803474;12.8048284;422;131981.7577098;97.1990514;1357.8502204;11.9466104;1.2059124;02;02;02;02;02;0.8582174;0.3424684;0.5157494;-14.1071234;3.1540404;12;212;42;142;24.4586984;16.2581504;0.0000004;965.6201784;42.1129764;5500.0000004;3.5000004;-1.5000004;1112;32.2726294;38.8143694;72;11.7163934;0.0164804;172;nan4;NOT_AVAILABLE13;30.7839668;-20.9454618;300.5726498;9.0346438;False5;False5;12;True5;True5;False5;False5;False5;True5;True5;False5;0.0000004;0.0000004;0.9999784;6268.0024414;6251.6103524;6284.0717774;3.9483004;3.9203004;3.9736004;-0.7465004;-0.7585004;-0.7343004;600.5349124;580.6721194;622.8312994;0.4862004;0.4780004;0.4943004;0.4129004;0.4058004;0.4200004;0.2244004;0.2205004;0.2283004;PHOENIX1; 0.800
16361480689213767688;Gaia DR3 419073212051826777630;41907321205182677768;10651664678;2016.0000008;301.0069768;0.0565374;-11.0372208;0.0351814;2.3276298;0.0711924;32.6949624;8.3203484;1.4471858;0.0687264;-8.1935248;0.0374014;0.0314224;-0.1573104;-0.0150094;-0.2256704;0.1851894;-0.3234224;0.2644064;-0.5303284;-0.1862154;0.1256114;2802;02;2782;22;-0.4618384;272.8462524;0.0000004;0.0000004;312;False5;1.3505594;nan4;nan4;nan4;nan4;nan4;nan4;nan4;342;172;0.1004974;472;122;02;0.0173994;74.8106004;02;02;0.9790884;0.1263704;0.5036384;0.1156384;0.2842724;-176.3125614;-7.3132514;-25.9479274;31.5275714;False5;3282;5242.8965128;5.3586234;978.4037484;16.3884394;402;1575.6787778;11.8496634;132.9724584;17.3448734;412;5435.4756968;15.5672314;349.1613774;15.4098014;1.3372674;02;12;02;22;02;1.9350724;0.9564344;0.9786384;nan4;nan4;02;02;02;02;nan4;nan4;nan4;nan4;nan4;nan4;nan4;nan4;02;nan4;nan4;02;nan4;nan4;02;nan4;NOT_AVAILABLE13;31.0288928;-21.0614308;300.8056478;9.1477708;False5;False5;02;True5;False5;False5;False5;False5;True5;True5;False5;0.0000004;0.0000004;0.9986134;4174.8256844;4162.5844734;4186.2573244;4.6453004;4.6382004;4.6509004;0.3251004;0.2863004;0.3577004;461.7366944;457.8775944;465.7231144;0.9155004;0.8970004;0.9326004;0.6536004;0.6401004;0.6659004;0.3575004;0.3503004;0.3640004;MARCS1; 1.000
16361480689213767688;Gaia DR3 419077420689941888030;41907742068994188808;17355294428;2016.0000008;301.6780118;0.0818114;-10.8650948;0.0613794;2.0726908;0.1025404;20.2135054;8.0253054;1.6917978;0.0955084;-7.8449568;0.0726294;0.2165144;0.2573784;-0.1734024;-0.2423114;-0.2528404;-0.0437274;0.2273324;-0.3912664;-0.3819434;0.3977204;3132;02;3132;02;0.0681564;323.7394714;0.0000004;0.0000004;312;False5;1.2963764;nan4;nan4;nan4;nan4;nan4;nan4;nan4;362;172;0.1484834;472;92;02;0.0262484;64.6671604;02;02;1.0016644;0.2442454;0.4483134;0.3722734;0.3783034;-94.9170004;-18.2209194;-44.6629144;36.7343144;False5;3682;2052.4830508;2.1320564;962.6780404;17.4066684;442;462.6490388;7.8082594;59.2512364;18.6754134;412;2388.7700168;9.2585554;258.0067754;16.3024604;1.3892534;02;372;02;342;02;2.3729534;1.2687454;1.1042084;nan4;nan4;02;02;02;02;nan4;nan4;nan4;nan4;nan4;nan4;nan4;nan4;02;nan4;nan4;02;nan4;nan4;02;nan4;NOT_AVAILABLE13;31.4955118;-21.5855718;301.4946988;9.1780018;False5;False5;02;True5;False5;False5;False5;False5;False5;True5;False5;0.0000004;0.0000004;0.9986134;3691.0598144;3682.4902344;3702.2539064;4.7553004;4.7387004;4.7698004;-0.1525004;-0.1955004;-0.0896004;388.3066104;377.8568124;402.1376044;0.9701004;0.9463004;0.9937004;0.6547004;0.6384004;0.6708004;0.3863004;0.3772004;0.3952004;MARCS1; 1.000
16361480689213767688;Gaia DR3 419079774761789708830;41907977476178970888;15723785288;2016.0000008;301.7133798;0.0709924;-10.8373228;0.0476614;2.3650798;0.0831444;28.4455034;8.4050714;1.5107238;0.0762654;-8.2681898;0.0593504;0.0112764;0.4294164;0.0444344;-0.3386494;-0.2844264;-0.1616684;0.3763414;-0.0950824;-0.3941354;0.1967064;3252;02;3252;02;-2.0781614;282.8609624;0.0000004;0.0000004;312;False5;1.3179384;nan4;nan4;nan4;nan4;nan4;nan4;nan4;372;172;0.1092754;482;82;02;0.0165284;69.4938054;12;02;0.9179764;0.2240624;0.4687504;0.3565754;0.3253584;-92.5590674;-15.7089134;-48.6912804;37.8308224;False5;3902;3098.3585748;3.5700484;867.8757934;16.9595384;462;788.2522438;9.7148084;81.1392444;18.0968804;472;3433.8296298;12.4655454;275.4656684;15.9084484;1.3626834;02;22;02;12;02;2.1884324;1.1373424;1.0510894;nan4;nan4;02;02;02;02;nan4;nan4;nan4;nan4;nan4;nan4;nan4;nan4;02;nan4;nan4;02;nan4;nan4;02;nan4;VARIABLE13;31.5383908;-21.6052788;301.5350448;9.1977898;False5;False5;02;True5;False5;False5;True5;False5;False5;True5;False5;0.0000004;0.0000004;0.9990194;nan4;nan4;nan4;nan4;nan4;nan4;nan4;nan4;nan4;nan4;nan4;nan4;nan4;nan4;nan4;nan4;nan4;nan4;nan4;nan4;nan4;1; 1.000
16361480689213767688;Gaia DR3 419073191435986444830;41907319143598644488;7374134838;2016.0000008;300.9403408;0.0176924;-11.0453228;0.0116314;2.2621338;0.0206384;109.6127404;8.2381044;1.5698888;0.0207644;-8.0871388;0.0127304;0.0839024;-0.2168534;0.0242304;-0.2057224;0.0816874;-0.2376664;0.3160604;-0.4101514;-0.0583494;0.1178354;2892;02;2892;02;-1.3843264;253.5719914;0.0000004;0.0000004;312;False5;1.4911354;nan4;nan4;nan4;nan4;nan4;nan4;nan4;332;172;0.0297124;452;72;02;0.0362944;77.3693084;02;02;0.9413304;0.1354514;0.4805144;0.1647014;0.3136704;-158.4113924;-13.0556664;-31.4009464;37.0003704;False5;3292;50433.6141848;38.3501094;1315.0839844;13.9305674;412;23601.6079868;56.0872574;420.8016054;14.4061884;392;38388.7379738;94.2791984;407.1814274;13.2873864;1.2291474;02;22;02;12;02;1.1188024;0.4756214;0.6431814;-7.4359574;4.8120204;22;192;12;132;7.9812944;nan4;nan4;938.1286624;nan4;4750.0000004;3.0000004;-1.0000004;1112;nan4;nan4;02;12.9077024;0.0415744;182;nan4;NOT_AVAILABLE13;30.9914058;-21.0055838;300.7391408;9.1534068;False5;False5;02;True5;True5;False5;False5;False5;True5;True5;False5;0.0000004;0.0000004;0.9999324;5106.1030274;5083.0688484;5127.6684574;4.4272004;4.4191004;4.4341004;-0.7177004;-0.7461004;-0.6924004;435.1788944;431.0589904;438.9129034;0.3147004;0.2961004;0.3324004;0.2532004;0.2381004;0.2676004;0.1366004;0.1284004;0.1444004;MARCS1; 1.000
16361480689213767688;Gaia DR3 419073882066736896030;41907388206673689608;10012031008;2016.0000008;300.9618378;0.0220154;-10.8858658;0.0148174;2.2768648;0.0258814;87.9741214;8.0986034;1.4790998;0.0285374;-7.9623908;0.0160484;0.1675984;-0.0953974;-0.0957644;-0.1977744;0.0895914;-0.2763464;0.2844564;-0.4305904;-0.1125464;0.1313934;2822;02;2802;22;-0.3576424;270.5558474;0.0000004;0.0000004;312;False5;1.4647294;nan4;nan4;nan4;nan4;nan4;nan4;nan4;332;152;0.0408084;462;72;02;0.0893764;79.5890884;02;02;0.9835834;0.0877084;0.5052834;0.1602754;0.2681284;-147.8715974;-13.7786344;-33.0797354;36.9103974;False5;3392;29869.4804538;33.8294914;882.9420784;14.4992984;422;13164.7528468;49.7021374;264.8729864;15.0400104;412;24046.6473498;63.3615614;379.5147714;13.7952594;1.2458004;02;12;02;02;02;1.2447514;0.5407124;0.7040394;-20.2546374;6.5091124;22;192;32;122;5.8750664;nan4;nan4;965.6198734;nan4;4500.0000004;3.0000004;-0.7500004;1112;nan4;nan4;02;13.4434874;0.0767144;172;nan4;VARIABLE13;31.1557078;-20.9572328;300.7935398;9.3050268;False5;False5;02;True5;True5;False5;True5;False5;True5;True5;False5;0.0000004;0.0000004;0.9999114;4926.0107424;4911.5639654;4943.7446294;4.5158004;4.5103004;4.5215004;-0.3926004;-0.4127004;-0.3722004;439.2684024;435.7304084;443.1430974;0.3892004;0.3761004;0.4049004;0.3073004;0.2968004;0.3199004;0.1643004;0.1587004;0.1711004;MARCS1; 1.000
16361480689213767688;Gaia DR3 419084193424176230430;41908419342417623048;887665608;2016.0000008;301.2549008;0.0967364;-10.6712508;0.0688094;2.4213098;0.1097984;22.0524754;8.1572354;1.7547488;0.1104974;-7.9662638;0.0784754;0.3261454;0.2858444;-0.2428894;-0.2481034;-0.0241754;-0.1955024;0.1602594;-0.3733444;-0.2832314;0.3132634;3342;02;3332;12;-1.0572104;315.4928594;0.0000004;0.0000004;312;False5;1.2781934;nan4;nan4;nan4;nan4;nan4;nan4;nan4;382;182;0.1669444;482;102;02;0.0134434;55.4100574;02;02;0.9580064;0.1707674;0.4710784;0.2636744;0.3255414;-107.3323594;-17.4086154;-46.1539504;35.2930374;False5;3812;1568.9260318;1.7065984;919.3294684;17.6983604;442;328.6078958;7.5491324;43.5292284;19.0468464;452;1903.7320608;7.8163464;243.5578004;16.5488824;1.4228464;02;22;02;32;02;2.4979654;1.3484864;1.1494794;nan4;nan4;02;02;02;02;nan4;nan4;nan4;nan4;nan4;nan4;nan4;nan4;02;nan4;nan4;02;nan4;nan4;02;nan4;NOT_AVAILABLE13;31.4947718;-21.1269338;301.1242438;9.4549668;False5;False5;02;False5;False5;False5;False5;False5;True5;True5;False5;0.0000004;0.0000004;0.9994884;3493.9089364;3479.3427734;3519.3427734;4.4680004;4.4223004;4.5945004;-0.8295004;-0.8904004;-0.6823004;375.0539864;356.0718994;388.4389954;0.9613004;0.9292004;0.9910004;0.6369004;0.6153004;0.6568004;0.3852004;0.3725004;0.3969004;MARCS1; 1.000
16361480689213767688;Gaia DR3 419086364959660646430;41908636495966064648;9941344958;2016.0000008;301.4514938;0.1123394;-10.6119168;0.0654234;2.2563568;0.1291904;17.4653534;8.7231384;1.3542578;0.1148614;-8.6173738;0.0841514;-0.0396564;0.4756964;0.0339844;-0.4441604;-0.1835194;-0.2366794;0.3664044;-0.1983474;-0.4722004;0.1217144;3002;02;2992;12;-0.5478454;294.2786564;0.0000004;0.0000004;312;False5;1.2712014;nan4;nan4;nan4;nan4;nan4;nan4;nan4;342;172;0.1639564;462;82;02;0.0262584;74.2087174;02;02;0.9763684;0.1507724;0.5061394;0.2662574;0.2564944;-91.4579774;-11.6238474;-50.0383834;36.7952044;False5;3662;1843.7542258;1.8832134;979.0472414;17.5231094;402;366.4406648;8.3059844;44.1176724;18.9285344;362;2269.5745028;10.0911444;224.9075624;16.3580344;1.4297004;02;12;02;12;02;2.5704994;1.4054244;1.1650754;nan4;nan4;02;02;02;02;nan4;nan4;nan4;nan4;nan4;nan4;nan4;nan4;02;nan4;nan4;02;nan4;nan4;02;nan4;NOT_AVAILABLE13;31.6404148;-21.2766478;301.3283838;9.4724388;False5;False5;02;True5;False5;False5;False5;False5;True5;True5;False5;0.0000004;0.0000004;0.9991464;3491.7421884;3473.3312994;3508.2165534;4.4977004;4.4229004;4.5594004;-0.5780004;-0.6990004;-0.5003004;374.9754034;361.6564034;386.7481084;1.0512004;1.0229004;1.0820004;0.6900004;0.6713004;0.7107004;0.4254004;0.4142004;0.4375004;MARCS1; 0.900
16361480689213767688;Gaia DR3 419086863175851571230;41908686317585157128;3874256108;2016.0000008;301.3943798;0.0554764;-10.5001238;0.0320904;2.1307718;0.0626914;33.9885944;8.0859234;1.7334758;0.0572894;-7.8979258;0.0401484;-0.0823394;0.4418094;0.0559664;-0.4969534;-0.1756434;-0.3110174;0.3395504;-0.2299964;-0.4941604;0.0659754;3112;02;3112;02;0.2349394;323.8649294;0.0000004;0.0000004;312;False5;1.3583214;nan4;nan4;nan4;nan4;nan4;nan4;nan4;352;172;0.0810974;472;92;02;0.0585264;73.2588274;02;02;1.0084194;0.1749144;0.4930784;0.2801244;0.3018104;-85.1728824;-11.1583854;-46.0238154;37.3513574;False5;3632;5902.5771008;6.1333214;962.3786014;16.2597624;422;1822.2423488;16.6240924;109.6145484;17.1870274;432;5976.1673098;15.3570114;389.1491094;15.3068394;1.3211874;02;22;02;22;02;1.8801884;0.9272654;0.9529234;nan4;nan4;02;02;02;02;nan4;nan4;nan4;nan4;nan4;nan4;nan4;nan4;02;nan4;nan4;02;nan4;nan4;02;nan4;NOT_AVAILABLE13;31.7233508;-21.1782928;301.2965608;9.5935398;False5;False5;02;True5;False5;False5;False5;False5;True5;True5;False5;0.0000004;0.0000004;0.9986134;4258.4541024;4247.6669924;4268.6142584;4.4631004;4.3888004;4.5239004;0.0672004;0.0272004;0.1148004;591.0753784;541.7918704;663.8972784;0.8760004;0.8533004;0.8965004;0.6309004;0.6140004;0.6460004;0.3402004;0.3314004;0.3480004;PHOENIX1; 1.000
16361480689213767688;Gaia DR3 419084241527813209630;41908424152781320968;7895798348;2016.0000008;301.2417408;0.0390374;-10.6303068;0.0268574;2.3358848;0.0455654;51.2651024;7.9671364;1.5877048;0.0449464;-7.8073338;0.0310494;0.0958574;0.1993094;-0.0322054;-0.2400844;-0.2159414;-0.1298254;0.3059384;-0.2803054;-0.3035704;0.1746164;3322;02;3302;22;-0.3917144;325.6997074;0.0000004;0.0000004;312;False5;1.3727094;nan4;nan4;nan4;nan4;nan4;nan4;nan4;382;182;0.0641584;472;92;02;0.0143224;176.9960334;12;02;0.9836554;0.2173794;0.4607094;0.3251504;0.3363094;-115.6723254;-11.3307914;-44.7767984;33.8011134;False5;3692;7406.4778598;11.8689064;624.0236214;16.0133384;442;2391.4078218;16.9782604;140.8511664;16.8919094;412;7297.7263318;30.7859504;237.0473024;15.0899274;1.3081974;02;12;02;02;02;1.8019824;0.8785714;0.9234114;nan4;nan4;02;02;02;02;nan4;nan4;nan4;nan4;nan4;nan4;nan4;nan4;02;nan4;nan4;02;nan4;nan4;02;nan4;NOT_AVAILABLE13;31.5286178;-21.0978348;301.1201058;9.4977108;False5;False5;02;True5;False5;False5;False5;False5;False5;True5;False5;0.0000004;0.0000004;0.9997124;nan4;nan4;nan4;nan4;nan4;nan4;nan4;nan4;nan4;nan4;nan4;nan4;nan4;nan4;nan4;nan4;nan4;nan4;nan4;nan4;nan4;1; 1.000
16361480689213767688;Gaia DR3 419084461430139225630;41908446143013922568;1921921348;2016.0000008;301.3301408;0.0763734;-10.5550668;0.0416254;2.2187128;0.0882024;25.1549094;7.8286934;1.4283598;0.0710324;-7.6972878;0.0556474;-0.1228134;0.6074934;0.0191854;-0.5633834;-0.2648004;-0.2764294;0.3570634;-0.1628784;-0.5860684;0.0920114;2942;02;2932;12;0.6341294;316.7992554;0.0828934;0.3204054;312;False5;1.3342114;nan4;nan4;nan4;nan4;nan4;nan4;nan4;332;162;0.1084564;472;92;02;0.0041394;62.9564294;02;02;1.0253714;0.2336894;0.4689044;0.3065904;0.3266074;-71.1998064;-11.2430034;-46.8252984;36.4733854;False5;3462;4149.9174998;4.4216024;938.5552374;16.6422694;452;1137.7088918;8.3025914;137.0305794;17.6984634;442;4429.3920098;12.0567144;367.3797004;15.6320354;1.3414974;02;02;02;02;02;2.0664284;1.0561944;1.0102344;nan4;nan4;02;02;02;02;nan4;nan4;nan4;nan4;nan4;nan4;nan4;nan4;02;nan4;nan4;02;nan4;nan4;02;nan4;NOT_AVAILABLE13;31.6412218;-21.1445068;301.2222408;9.5530808;False5;False5;02;True5;False5;False5;False5;False5;True5;True5;False5;0.0000004;0.0000004;0.9991464;4154.7788094;4136.3764654;4186.0781254;4.5601004;4.5367004;4.6531004;0.4899004;0.4383004;0.5741004;542.0833134;478.0310974;558.8630984;1.1367004;1.1074004;1.1733004;0.8009004;0.7801004;0.8272004;0.4456004;0.4344004;0.4596004;MARCS1; 1.000
16361480689213767688;Gaia DR3 419084451122216908830;41908445112221690888;16839846698;2016.0000008;301.3280398;0.0994144;-10.5699078;0.0587484;2.4233028;0.1167704;20.7528574;8.0729064;1.3456768;0.0985764;-7.9599618;0.0734834;0.0700444;0.5670884;-0.1707454;-0.4509464;-0.1607824;-0.2147574;0.2230164;-0.2624814;-0.4972634;0.2073934;2912;02;2902;12;-0.1516864;294.1351014;0.0000004;0.0000004;312;False5;1.2991304;nan4;nan4;nan4;nan4;nan4;nan4;nan4;332;172;0.1516854;452;92;02;0.0205794;61.2785034;02;02;0.9924864;0.2607894;0.4448604;0.2962304;0.3668064;-60.7610894;-15.0564744;-46.5299534;36.3168144;False5;3462;2140.3010958;2.9118284;735.0368654;17.3611794;392;489.9050128;7.8471174;62.4312104;18.6132624;392;2477.3305348;8.8154374;281.0218514;16.2629364;1.3863644;02;32;02;12;02;2.3503274;1.2520834;1.0982444;nan4;nan4;02;02;02;02;nan4;nan4;nan4;nan4;nan4;nan4;nan4;nan4;02;nan4;nan4;02;nan4;nan4;02;nan4;NOT_AVAILABLE13;31.6258778;-21.1489478;301.2170368;9.5390028;False5;False5;02;True5;False5;False5;False5;False5;True5;True5;False5;0.0000004;0.0000004;0.9982584;3637.7370614;3618.8444824;3667.8164064;4.4160004;4.3863004;4.5891004;-0.6032004;-0.6861004;-0.4673004;510.8912964;393.8622134;577.5651864;0.9634004;0.9313004;0.9943004;0.6501004;0.6281004;0.6714004;0.3830004;0.3701004;0.3955004;MARCS1; 1.000
16361480689213767688;Gaia DR3 419086749359023360030;41908674935902336008;16324108498;2016.0000008;301.5408228;0.1161574;-10.4723968;0.0782334;2.4413558;0.1351994;18.0575584;7.8322104;1.5130188;0.1356024;-7.6846798;0.0957534;0.1375154;0.2262144;-0.0457204;-0.2941034;0.0024484;-0.2379794;0.2591044;-0.2942984;-0.3236664;0.1797564;3362;02;3362;02;-0.8326284;325.7090154;0.0000004;0.0000004;312;False5;1.2626974;nan4;nan4;nan4;nan4;nan4;nan4;nan4;382;192;0.1949844;482;82;02;0.0155814;65.6970904;02;02;0.9668184;0.1009234;0.4735894;0.1401074;0.3465834;-144.6864934;-18.1108494;-54.7449614;36.7248994;False5;3892;1312.3383968;1.7019244;771.0909424;17.8922524;472;241.3296878;8.3499564;28.9019134;19.3820154;442;1627.2166578;8.0734424;201.5517734;16.7192824;1.4238304;02;22;02;12;02;2.6627334;1.4897634;1.1729704;nan4;nan4;02;02;02;02;nan4;nan4;nan4;nan4;nan4;nan4;nan4;nan4;02;nan4;nan4;02;nan4;nan4;02;nan4;NOT_AVAILABLE13;31.8160178;-21.2967988;301.4452468;9.5903208;False5;False5;02;False5;False5;False5;False5;False5;True5;True5;False5;0.0000004;0.0000004;0.9986134;3495.3632814;3486.9265144;3504.9592294;4.8219004;4.8077004;4.8358004;-0.1466004;-0.1802004;-0.1099004;346.3024904;335.8229064;356.8276984;1.0306004;0.9978004;1.0711004;0.6715004;0.6500004;0.6983004;0.4204004;0.4077004;0.4361004;MARCS1; 1.000
16361480689213767688;Gaia DR3 419084485481958297630;41908448548195829768;11547856838;2016.0000008;301.2517268;0.0231274;-10.5811348;0.0163504;2.2130218;0.0270884;81.6967624;7.8328624;1.5656918;0.0261584;-7.6747868;0.0185474;0.0945544;0.1893694;-0.0520374;-0.2173844;-0.2732014;-0.1104064;0.3311894;-0.2122314;-0.3023764;0.1826024;3422;3422;3402;22;6.1700064;2101.4968264;0.1913124;47.2650644;312;True5;1.7171384;nan4;nan4;nan4;nan4;nan4;nan4;nan4;392;182;0.0372774;522;102;12;0.0635204;73.4676514;02;02;1.2465304;nan4;nan4;nan4;nan4;nan4;nan4;nan4;nan4;False5;3882;5654546.2378218;1623.8907474;3482.0976564;8.8063734;482;3956190.0490938;1782.2838134;2219.7307134;8.8453494;482;2645715.6204258;702.3729864;3766.8242194;8.6915384;1.1675394;02;02;02;02;02;0.1538114;0.0389774;0.1148354;-13.1798914;5.5202614;12;122;62;92;119.3490684;4.9649054;0.0000024;843.4495854;44.8200114;9000.0000004;4.5000004;0.2500004;5552;nan4;nan4;02;8.6054254;0.0080254;52;135.9208834;NOT_AVAILABLE13;31.5807948;-21.0858208;301.1402698;9.5437398;False5;False5;02;True5;True5;True5;False5;False5;True5;True5;False5;0.0000004;0.0000004;0.9978684;12089.8740234;12060.2695314;12127.4716804;3.8666004;3.8563004;3.8747004;-1.1261004;-1.1602004;-1.0945004;498.6563114;491.5426034;505.2760014;0.5532004;0.5512004;0.5554004;0.5321004;0.5301004;0.5342004;0.2853004;0.2843004;0.2865004;A1; 1.000
16361480689213767688;Gaia DR3 419083413458054169630;41908341345805416968;13380520538;2016.0000008;300.9742758;0.0416994;-10.7923898;0.0270414;2.2318598;0.0454994;49.0525324;8.0446164;1.3478188;0.0532694;-7.9309038;0.0316464;0.2165374;0.1617834;-0.3542254;-0.0790654;-0.0467434;-0.0667704;0.2363104;-0.3258954;-0.2226334;0.2143594;2882;02;2882;02;2.1058494;346.4952704;0.1211564;1.5501124;312;False5;1.3817984;nan4;nan4;nan4;nan4;nan4;nan4;nan4;332;172;0.0773924;442;92;02;0.0244284;68.3201224;02;02;1.0885974;0.0969024;0.4549264;0.2099604;0.3511214;-82.1092994;-12.8304544;-39.0091744;34.1981394;False5;3412;8236.4010618;6.9367254;1187.3616944;15.8980244;402;2737.9039748;17.0670684;160.4202884;16.7449974;392;7951.3620268;18.6317834;426.7633674;14.9967924;1.2978084;02;22;02;32;02;1.7482054;0.8469734;0.9012324;nan4;nan4;02;02;02;02;nan4;nan4;nan4;nan4;nan4;nan4;nan4;nan4;02;nan4;nan4;02;nan4;nan4;02;nan4;NOT_AVAILABLE13;31.2519058;-20.9286798;300.8253028;9.3939358;False5;False5;02;True5;False5;False5;False5;False5;True5;True5;False5;0.0000004;0.0000004;0.9998064;4309.5185554;4300.3393554;4322.7045904;4.5919004;4.5806004;4.6023004;0.0180004;-0.0014004;0.0623004;446.0134894;438.8471074;454.3186954;0.7694004;0.7548004;0.7862004;0.5641004;0.5532004;0.5766004;0.2998004;0.2940004;0.3063004;MARCS1; 1.000
16361480689213767688;Gaia DR3 419083135144227673630;41908313514422767368;2288783118;2016.0000008;301.2561478;0.0510504;-10.7794678;0.0339474;2.2616558;0.0593034;38.1370964;8.2253004;1.4066438;0.0589024;-8.1041308;0.0388954;0.2699604;0.2936434;-0.3717494;-0.2372834;-0.1095254;-0.1171874;0.1651724;-0.4202714;-0.3460214;0.3603804;3282;02;3262;22;0.7183494;353.8147284;0.0000004;0.0000004;312;False5;1.3468154;nan4;nan4;nan4;nan4;nan4;nan4;nan4;382;182;0.0906854;502;132;02;0.0143894;73.3935704;02;02;1.0274364;0.1765814;0.4670684;0.3009694;0.3281444;-94.8709954;-16.0695594;-42.8483394;34.7747844;False5;3952;4780.2421108;3.6408934;1312.9310304;16.4887434;472;1393.3509768;9.0614004;153.7677314;17.4783924;482;4993.1381228;15.7877934;316.2657474;15.5019624;1.3360184;02;32;02;22;02;1.9764304;0.9896494;0.9867814;nan4;nan4;02;02;02;02;nan4;nan4;nan4;nan4;nan4;nan4;nan4;nan4;02;nan4;nan4;02;nan4;nan4;02;nan4;NOT_AVAILABLE13;31.3902608;-21.1739638;301.1025118;9.3488878;False5;False5;02;True5;False5;False5;False5;False5;True5;True5;False5;0.0000004;0.0000004;0.9982584;3795.6662604;3788.6274414;3800.8540044;4.5697004;4.5579004;4.5815004;-0.5141004;-0.5394004;-0.5017004;407.8724984;400.7361154;413.9410104;0.5846004;0.5729004;0.5946004;0.4112004;0.4028004;0.4183004;0.2253004;0.2207004;0.2291004;PHOENIX1; 1.000
16361480689213767688;Gaia DR3 419084234655864345630;41908423465586434568;13987486888;2016.0000008;301.2521898;0.0401804;-10.6396208;0.0281394;2.2909168;0.0472424;48.4931074;8.0180814;1.5091508;0.0452434;-7.8747758;0.0323354;0.1405444;0.2379164;-0.1302824;-0.2187504;-0.2285644;-0.0961664;0.2745144;-0.2697044;-0.3145944;0.2321214;3402;02;3402;02;2.2120734;409.3498544;0.1071264;1.1224784;312;False5;1.3720854;nan4;nan4;nan4;nan4;nan4;nan4;nan4;392;182;0.0659254;492;102;02;0.0072234;71.1652764;02;02;1.0856434;0.2248474;0.4465494;0.3380554;0.3578544;-110.0730514;-12.8843064;-45.0045704;33.6399274;False5;3872;7178.1306028;9.8623664;727.8305054;16.0473384;442;2323.9020998;14.8197564;156.8110964;16.9229984;422;7057.6681588;26.4795254;266.5330514;15.1262434;1.3069664;02;02;02;12;02;1.7967564;0.8756604;0.9210964;nan4;nan4;02;02;02;02;nan4;nan4;nan4;nan4;nan4;nan4;nan4;nan4;02;nan4;nan4;02;nan4;nan4;02;nan4;VARIABLE13;31.5242568;-21.1110878;301.1283128;9.4864538;False5;False5;02;True5;False5;False5;True5;False5;True5;True5;False5;0.0000004;0.0000004;0.9929644;4180.6054694;4142.4667974;4220.3715824;4.4836004;4.4688004;4.5119004;-0.0710004;-0.1439004;0.0157004;529.8292244;520.6353154;536.5017704;0.5761004;0.5513004;0.6144004;0.4157004;0.3973004;0.4438004;0.2252004;0.2157004;0.2399004;PHOENIX1; 1.000
16361480689213767688;Gaia DR3 419084320555213644830;41908432055521364488;12913154908;2016.0000008;301.2062638;0.0586384;-10.6200888;0.0422274;2.2023568;0.0672114;32.7676014;7.8589584;1.4254578;0.0688494;-7.7286038;0.0494074;0.2004964;0.1728614;-0.1237734;-0.2219914;-0.2038694;-0.1629444;0.2282234;-0.2066054;-0.2524684;0.1962874;3382;02;3372;12;0.1329824;351.0292364;0.0000004;0.0000004;312;False5;1.3267594;nan4;nan4;nan4;nan4;nan4;nan4;nan4;392;182;0.0987114;492;122;02;0.0359744;167.9738624;02;02;1.0041604;0.2251704;0.4524614;0.3205894;0.3372884;-122.1447144;-14.3450134;-43.8491524;34.8933144;False5;3772;3348.0115748;3.6801534;909.7478644;16.8753994;432;895.1670658;8.5256564;104.9968574;17.9587824;442;3672.2274458;11.3629224;323.1763314;15.8355714;1.3642114;02;02;02;02;02;2.1232114;1.0833844;1.0398274;nan4;nan4;02;02;02;02;nan4;nan4;nan4;nan4;nan4;nan4;nan4;nan4;02;nan4;nan4;02;nan4;nan4;02;nan4;NOT_AVAILABLE13;31.5226528;-21.0619278;301.0876988;9.5149928;False5;False5;02;True5;False5;False5;False5;False5;False5;True5;False5;0.0000004;0.0000004;0.9929644;nan4;nan4;nan4;nan4;nan4;nan4;nan4;nan4;nan4;nan4;nan4;nan4;nan4;nan4;nan4;nan4;nan4;nan4;nan4;nan4;nan4;1; 1.000
16361480689213767688;Gaia DR3 419081887456000755230;41908188745600075528;6542511188;2016.0000008;301.2790278;0.0880504;-10.8646378;0.0608424;2.1187748;0.1032534;20.5201284;8.2266124;1.4310908;0.1104514;-8.1011818;0.0720774;0.3134774;0.2577224;-0.3235484;-0.1418124;-0.0160024;-0.0826804;0.1942794;-0.4671414;-0.2330954;0.3624534;3282;02;3282;02;-1.4091534;303.5775454;0.0000004;0.0000004;312;False5;1.2593004;nan4;nan4;nan4;nan4;nan4;nan4;nan4;372;182;0.1668494;492;112;02;0.0254804;69.6857534;22;02;0.9440614;0.1361874;0.4765044;0.2473464;0.3136374;-71.7214814;-16.0216544;-40.7936334;36.0282364;False5;3952;1794.1341388;1.8363594;977.0061654;17.5527294;452;323.1651548;7.1274754;45.3407594;19.0649814;482;2277.3014798;9.7711114;233.0647284;16.3543434;1.4494274;02;32;02;12;02;2.7106384;1.5122534;1.1983854;nan4;nan4;02;02;02;02;nan4;nan4;nan4;nan4;nan4;nan4;nan4;nan4;02;nan4;nan4;02;nan4;nan4;02;nan4;NOT_AVAILABLE13;31.3177308;-21.2304138;301.1067238;9.2609008;False5;False5;02;True5;False5;False5;False5;False5;True5;True5;False5;0.0000004;0.0000004;0.9990194;3486.0078124;3474.5041504;3505.9196784;4.4169004;4.4070004;4.4382004;-0.3742004;-0.4309004;-0.3104004;439.3186044;423.0578004;470.1877144;1.2187004;1.1914004;1.2541004;0.7910004;0.7729004;0.8146004;0.4982004;0.4874004;0.5124004;MARCS1; 0.800
16361480689213767688;Gaia DR3 419082925120702668830;41908292512070266888;15288396138;2016.0000008;301.0648088;0.1201264;-10.9095478;0.0780064;2.2475528;0.1357724;16.5538204;8.0660094;1.3307748;0.1538394;-7.9554728;0.0854034;0.2506314;-0.0180904;-0.2892924;-0.0617764;-0.0996984;-0.1153994;0.2299724;-0.3831114;-0.1615244;0.1203064;2802;02;2802;02;-0.0199654;286.7161254;0.0000004;0.0000004;312;False5;1.2818584;nan4;nan4;nan4;nan4;nan4;nan4;nan4;322;152;0.2208574;442;92;02;0.0060774;76.4125984;02;02;0.9979374;0.1492964;0.4812994;0.2685474;0.3129264;-131.3910984;-8.5282454;-31.5080514;31.4308384;False5;3312;1332.6261348;1.6238554;820.6560064;17.8755974;392;269.5941318;5.8192434;46.3280414;19.2617664;372;1693.2173558;13.2425814;127.8615804;16.6761134;1.4728904;02;342;02;312;02;2.5856534;1.3861694;1.1994844;nan4;nan4;02;02;02;02;nan4;nan4;nan4;nan4;nan4;nan4;nan4;nan4;02;nan4;nan4;02;nan4;nan4;02;nan4;NOT_AVAILABLE13;31.1785968;-21.0588618;300.8887798;9.2608628;False5;False5;02;False5;False5;False5;False5;False5;True5;True5;False5;0.0000004;0.0000004;0.9995914;3595.7578124;3591.0192874;3603.5002444;4.3841004;4.3608004;4.3980004;-0.4847004;-0.5339004;-0.4331004;612.8433234;588.0695194;642.1179814;1.2476004;1.2181004;1.2784004;0.8271004;0.8073004;0.8477004;0.4990004;0.4884004;0.5103004;MARCS1; 0.600
16361480689213767688;Gaia DR3 419085467740551206430;41908546774055120648;8617829978;2016.0000008;301.8428388;0.0881804;-10.6262928;0.0605724;2.3828858;0.1002834;23.7616654;8.1346344;1.8271428;0.1039044;-7.9267798;0.0768234;0.1301214;0.1564544;0.0659494;-0.3026634;-0.1852784;-0.2353604;0.2746934;-0.0911734;-0.2668834;0.1954674;3202;02;3192;12;0.1952314;333.4287114;0.0000004;0.0000004;312;False5;1.2950764;nan4;nan4;nan4;nan4;nan4;nan4;nan4;362;172;0.1473874;442;92;02;0.0369294;70.1177064;02;02;1.0067374;0.1499164;0.4886414;0.2296474;0.3834064;-125.2563404;-18.6863904;-44.8166314;41.9258084;False5;3742;2107.0951168;2.3444184;898.7709964;17.3781574;432;473.1609678;8.8976864;53.1779794;18.6510204;422;2470.1851038;9.7216984;254.0898904;16.2660714;1.3968744;02;12;02;12;02;2.3849494;1.2728634;1.1120854;nan4;nan4;02;02;02;02;nan4;nan4;nan4;nan4;nan4;nan4;nan4;nan4;02;nan4;nan4;02;nan4;nan4;02;nan4;NOT_AVAILABLE13;31.8019868;-21.6309688;301.7063808;9.3770118;False5;False5;02;True5;False5;False5;False5;False5;True5;True5;False5;0.0000004;0.0000004;0.9929644;3658.9011234;3634.5571294;3690.5612794;4.6697004;4.6441004;4.6919004;-0.2634004;-0.3027004;-0.2240004;395.3351144;382.1824954;408.6577154;0.9993004;0.9704004;1.0261004;0.6708004;0.6506004;0.6892004;0.3952004;0.3836004;0.4058004;PHOENIX1; 1.000
16361480689213767688;Gaia DR3 419083062988776230430;41908306298877623048;4167469208;2016.0000008;301.1734448;0.0141524;-10.8567968;0.0090314;2.2278818;0.0157474;141.4811404;8.2482354;1.6162958;0.0172684;-8.0883238;0.0103884;0.2398734;0.0775824;-0.3104364;-0.1571534;-0.0459764;-0.1875354;0.2168014;-0.2690234;-0.2956194;0.1955694;3242;3242;3222;22;-1.0314554;660.7908334;0.0843164;10.8228294;312;False5;1.5772854;nan4;nan4;nan4;nan4;nan4;nan4;nan4;372;172;0.0250184;502;102;02;0.0447914;74.6262664;02;02;0.9582804;nan4;nan4;nan4;nan4;nan4;nan4;nan4;nan4;False5;3702;335848.0186248;65.2808914;5144.6606454;11.8720104;472;187762.2933038;87.5919114;2143.6030274;12.1545214;462;213782.1361098;55.1723484;3874.8059084;11.4229674;1.1956144;02;02;02;02;02;0.7315544;0.2825114;0.4490434;-10.8042324;1.4052184;12;212;82;152;34.7988744;5.5911934;0.0000014;895.5117194;19.5573334;6500.0000004;4.0000004;-0.2500004;5552;13.2262444;11.6680944;102;11.2272834;0.0159564;112;nan4;NOT_AVAILABLE13;31.2782428;-21.1331628;301.0056378;9.2902348;False5;False5;02;True5;True5;False5;False5;False5;True5;True5;False5;0.0000004;0.0000004;0.9999724;6819.8608404;6811.5283204;6828.9575204;4.1978004;4.1909004;4.2039004;-0.5376004;-0.5466004;-0.5287004;435.9833074;433.1618964;439.0885934;0.5227004;0.5181004;0.5276004;0.4550004;0.4509004;0.4593004;0.2463004;0.2441004;0.2487004;A1; 1.000
16361480689213767688;Gaia DR3 419084509533776256030;41908450953377625608;695070428;2016.0000008;301.2617648;0.0709104;-10.5574508;0.0509794;2.1303248;0.0846514;25.1660214;7.6867644;1.1554768;0.0793054;-7.5994228;0.0574464;0.1463344;0.2386624;-0.1252224;-0.2544464;-0.2449674;-0.1111804;0.2601074;-0.3123344;-0.2632344;0.2642174;3192;02;3172;22;-0.9699424;301.6205754;0.0000004;0.0000004;312;False5;1.2782024;nan4;nan4;nan4;nan4;nan4;nan4;nan4;372;182;0.1170064;472;92;02;0.0330144;64.2458424;02;02;0.9603694;0.2571514;0.4466014;0.3986624;0.3445844;-109.8095174;-14.1691024;-44.2207224;34.2704204;False5;3592;2617.8638338;2.4031154;1089.3625494;17.1425004;372;542.9592288;8.7515194;62.0417104;18.5016254;392;3173.3491438;8.3757524;378.8733224;15.9941014;1.4195964;02;22;02;32;02;2.5075244;1.3591254;1.1483994;nan4;nan4;02;02;02;02;nan4;nan4;nan4;nan4;nan4;nan4;nan4;nan4;02;nan4;nan4;02;nan4;nan4;02;nan4;NOT_AVAILABLE13;31.6082668;-21.0846828;301.1550818;9.5648348;False5;False5;02;True5;False5;False5;False5;False5;False5;True5;False5;0.0000004;0.0000004;0.9964874;3564.0715334;3548.7744144;3590.8852544;4.4759004;4.4257004;4.5294004;-0.3931004;-0.4880004;-0.2794004;396.1755984;385.1073004;422.8127144;1.0755004;1.0489004;1.1119004;0.7112004;0.6935004;0.7358004;0.4344004;0.4241004;0.4485004;MARCS1; 0.700
16361480689213767688;Gaia DR3 419086347779763302430;41908634777976330248;8133810048;2016.0000008;301.4870288;0.0172714;-10.6294148;0.0100974;2.2915878;0.0184404;124.2707754;7.9531284;1.4667248;0.0182914;-7.8167118;0.0122084;-0.0750014;0.4188774;0.0729684;-0.3883124;-0.1343024;-0.2805924;0.3912954;-0.0753994;-0.3258474;0.0097624;3172;3172;3152;22;1.9086704;777.2542114;0.0899784;11.4160104;312;False5;1.5754144;nan4;nan4;nan4;nan4;nan4;nan4;nan4;362;172;0.0255404;502;92;02;0.0611164;76.1804504;02;02;1.0765234;nan4;nan4;nan4;nan4;nan4;nan4;nan4;nan4;False5;3732;318041.1419468;60.6070524;5247.5927734;11.9311594;442;177172.5887708;81.8553544;2164.4594734;12.2175514;432;202696.0534588;59.0076984;3435.0781254;11.4807834;1.1944014;02;02;02;02;02;0.7367694;0.2863924;0.4503774;-14.7379844;0.6227304;12;232;52;172;34.1271254;-1.3445664;0.9622744;913.3817144;8.8313924;6750.0000004;4.5000004;0.0000004;5552;nan4;nan4;02;11.2972564;0.0119464;172;nan4;NOT_AVAILABLE13;31.6393388;-21.3156988;301.3592638;9.4479798;False5;False5;02;True5;True5;False5;False5;False5;True5;True5;False5;0.0000004;0.0000004;0.9999644;6713.9111334;6698.5883794;6729.3427734;4.2424004;4.2357004;4.2490004;-0.5142004;-0.5241004;-0.5038004;426.4920964;423.8139954;429.2916874;0.4783004;0.4717004;0.4849004;0.4151004;0.4092004;0.4210004;0.2248004;0.2216004;0.2279004;A1; 1.000
16361480689213767688;Gaia DR3 419086004182376652830;41908600418237665288;3516526838;2016.0000008;301.6871678;0.0341974;-10.5256318;0.0236694;2.2814618;0.0371154;61.4702724;7.8721984;1.4480948;0.0374214;-7.7378638;0.0259284;0.2917624;0.1733394;-0.1622964;-0.3181454;0.0561094;-0.3184384;0.1158264;-0.2540614;-0.2138934;0.2391764;3002;02;2982;22;1.4313124;337.7829594;0.0547084;0.4251244;312;False5;1.4063084;nan4;nan4;nan4;nan4;nan4;nan4;nan4;352;182;0.0550264;442;92;02;0.0601234;70.6365514;02;02;1.0585464;0.0708654;0.5099234;0.1388474;0.3764634;-127.2279594;-22.5850944;-50.6326874;41.8316504;False5;3512;12156.9588788;11.8207144;1028.4454354;15.4753054;422;4492.0597708;19.4661584;230.7625274;16.2074284;402;11093.5174888;30.4632514;364.1606454;14.6352224;1.2820294;02;82;02;02;02;1.5722064;0.7321234;0.8400824;nan4;nan4;02;02;02;02;nan4;nan4;nan4;nan4;nan4;nan4;nan4;nan4;02;nan4;nan4;02;nan4;nan4;02;nan4;VARIABLE13;31.8300278;-21.4496688;301.5764488;9.5078638;False5;False5;02;True5;False5;False5;True5;False5;True5;True5;False5;0.0000004;0.0000004;0.9998324;4443.3432624;4434.3510744;4452.7001954;4.6294004;4.6206004;4.6404004;-0.0872004;-0.1080004;-0.0687004;410.7633064;406.8537904;414.7233894;0.4294004;0.4128004;0.4445004;0.3204004;0.3079004;0.3319004;0.1697004;0.1631004;0.1758004;PHOENIX1; 1.000
16361480689213767688;Gaia DR3 419082901068280601630;41908290106828060168;6377339188;2016.0000008;301.1459348;0.1095724;-10.8808438;0.0698064;2.1634198;0.1224964;17.6611754;8.2170034;1.5599338;0.1405864;-8.0675748;0.0831204;0.2431494;0.1580114;-0.3967434;-0.1413404;0.0130464;-0.1420834;0.1724524;-0.3827674;-0.2831474;0.2536614;3252;02;3242;12;-2.0970904;281.3020324;0.0000004;0.0000004;312;False5;1.2752874;nan4;nan4;nan4;nan4;nan4;nan4;nan4;372;172;0.2074084;482;112;02;0.0115484;54.8927154;02;02;0.9171204;0.1466944;0.4800664;0.1829564;0.3082664;-151.7919314;-9.7600974;-41.6788564;33.3654254;False5;3782;1390.1626128;1.8775524;740.4122924;17.8297024;452;261.4201588;9.0393794;28.9201454;19.2951954;442;1693.5874428;7.7258024;219.2118534;16.6758774;1.4063164;02;22;12;12;02;2.6193184;1.4654924;1.1538264;nan4;nan4;02;02;02;02;nan4;nan4;nan4;nan4;nan4;nan4;nan4;nan4;02;nan4;nan4;02;nan4;nan4;02;nan4;NOT_AVAILABLE13;31.2426218;-21.1188748;300.9737828;9.2723508;False5;False5;02;False5;False5;False5;False5;False5;True5;True5;False5;0.0000004;0.0000004;0.9990194;3500.9804694;3471.1582034;3514.4582524;4.5551004;4.4371004;4.5953004;-0.5992004;-0.7865004;-0.5595004;414.1864014;398.4194954;427.4949044;0.9640004;0.9276004;0.9984004;0.6360004;0.6117004;0.6591004;0.3890004;0.3747004;0.4027004;MARCS1; 0.800
16361480689213767688;Gaia DR3 419083829210946214430;41908382921094621448;2269042288;2016.0000008;301.2644028;0.0558054;-10.7194328;0.0371254;2.2722518;0.0649814;34.9679574;8.2212604;1.5035588;0.0669764;-8.0826018;0.0440134;0.2288444;0.2483974;-0.2318754;-0.2462994;-0.0997284;-0.1751294;0.2162454;-0.3234884;-0.3470204;0.2577184;3502;02;3472;32;5.1905094;516.9514774;0.2708374;5.1638884;312;False5;1.3162454;nan4;nan4;nan4;nan4;nan4;nan4;nan4;402;182;0.0984204;492;122;02;0.0171904;30.1845724;02;02;1.2038544;0.1513104;0.4810144;0.2621894;0.3201364;-95.0317994;-16.1338774;-44.4786644;37.2475554;False5;3902;5315.4707248;4.1747764;1273.2349854;16.3735124;442;1329.5349388;10.7683544;123.4668664;17.5292934;452;6039.1850738;13.9102304;434.1542364;15.2954494;1.3862784;12;12;32;02;02;2.2338444;1.1557814;1.0780634;nan4;nan4;02;02;02;02;nan4;nan4;nan4;nan4;nan4;nan4;nan4;nan4;02;nan4;nan4;02;nan4;nan4;02;nan4;NOT_AVAILABLE13;31.4522478;-21.1558418;301.1232798;9.4058968;False5;False5;02;True5;False5;False5;False5;False5;False5;True5;False5;0.0000004;0.0000004;0.9929644;nan4;nan4;nan4;nan4;nan4;nan4;nan4;nan4;nan4;nan4;nan4;nan4;nan4;nan4;nan4;nan4;nan4;nan4;nan4;nan4;nan4;1; 1.000
16361480689213767688;Gaia DR3 419084028497427584030;41908402849742758408;13807460458;2016.0000008;301.3451408;0.0267694;-10.6741128;0.0181804;2.2343748;0.0319034;70.0374764;7.1076164;1.4502198;0.0301374;-6.9580948;0.0221464;0.1976454;0.3729634;-0.2371694;-0.2771504;-0.1427604;-0.1021274;0.2391114;-0.3442094;-0.3445024;0.3726574;3042;02;3042;02;3.9071544;408.3207404;0.0864424;2.0227694;312;False5;1.4115934;nan4;nan4;nan4;nan4;nan4;nan4;nan4;352;182;0.0464634;452;92;02;0.0392584;71.3007894;02;02;1.1627854;0.2250854;0.4580524;0.3315584;0.3692754;-71.8264244;-19.0856024;-46.2472274;37.4615974;False5;3452;21286.5212108;14.0570254;1514.2977294;14.8671054;422;7992.0754008;26.7483444;298.7876594;15.5818934;422;19241.8268568;39.3193864;489.3725284;14.0372804;1.2793974;02;12;02;22;02;1.5446134;0.7147874;0.8298254;-85.6095434;14.2220984;22;132;22;92;4.0536984;nan4;nan4;833.9447024;nan4;4250.0000004;3.0000004;-2.0000004;1112;nan4;nan4;02;13.6027984;0.1256474;122;nan4;NOT_AVAILABLE13;31.5323718;-21.2084378;301.2115388;9.4335908;False5;False5;02;True5;True5;False5;False5;False5;True5;True5;False5;0.0000004;0.0000004;0.9997624;4635.0634774;4605.4736334;4666.6083984;4.3593004;4.3282004;4.4010004;-1.2120004;-1.2543004;-1.1354004;424.3167114;407.9852914;437.2551884;0.9036004;0.8726004;0.9363004;0.6900004;0.6654004;0.7156004;0.3749004;0.3615004;0.3888004;MARCS1; 0.600
16361480689213767688;Gaia DR3 419094676580425190430;41909467658042519048;3799813648;2016.0000008;300.6721138;0.0930654;-10.6060238;0.0684314;2.5269678;0.1055124;23.9494674;8.0538744;1.3916658;0.1190314;-7.9327278;0.0779594;0.2859014;-0.0074484;-0.1654034;-0.0157294;-0.0623244;-0.0364664;0.3828974;-0.3389014;-0.2073974;0.2720664;2842;02;2832;12;0.3927124;300.3993844;0.0000004;0.0000004;312;False5;1.2832554;nan4;nan4;nan4;nan4;nan4;nan4;nan4;322;152;0.1719304;472;122;02;0.0317804;69.9552614;02;02;1.0154954;0.0727614;0.4790454;0.1641384;0.2973784;-91.7893524;-13.3850154;-27.8517614;34.8184554;False5;3392;1809.1420558;1.9737624;916.5960084;17.5436864;422;373.9371288;9.2419734;40.4607474;18.9065464;452;2156.3759938;10.0064854;215.4978494;16.4135844;1.3986264;02;12;02;22;02;2.4929624;1.3628604;1.1301024;nan4;nan4;02;02;02;02;nan4;nan4;nan4;nan4;nan4;nan4;nan4;nan4;02;nan4;nan4;02;nan4;nan4;02;nan4;NOT_AVAILABLE13;31.2975098;-20.5807308;300.5698028;9.6376388;False5;False5;02;True5;False5;False5;False5;False5;True5;True5;False5;0.0000004;0.0000004;0.9976674;3592.5732424;3585.3010254;3600.9570314;4.8001004;4.7867004;4.8124004;-0.2134004;-0.2423004;-0.1743004;349.7533874;341.9169924;359.5981144;0.9209004;0.8955004;0.9468004;0.6132004;0.5959004;0.6306004;0.3714004;0.3614004;0.3813004;MARCS1; 1.000
16361480689213767688;Gaia DR3 419093687019954547230;41909368701995454728;14061305268;2016.0000008;300.5346008;0.0141924;-10.8003748;0.0098204;2.2466648;0.0161234;139.3457954;8.0477124;1.3586198;0.0163814;-7.9322028;0.0108724;0.1627014;0.0082034;-0.0914544;-0.0464064;-0.1506554;0.0308194;0.4118984;-0.3316894;-0.1623674;0.2534984;2862;2772;2862;02;0.4302154;440.1217654;0.0636774;4.3798114;312;True5;1.5562934;nan4;nan4;nan4;nan4;nan4;nan4;nan4;332;172;0.0236494;462;92;02;0.0358614;77.5410084;02;02;1.0170094;nan4;nan4;nan4;nan4;nan4;nan4;nan4;nan4;False5;3192;177349.1462278;61.8858724;2865.7453614;12.5652944;402;95409.0817668;71.7436524;1329.8609624;12.8895684;392;117868.3872788;78.6427384;1498.7828374;12.0694024;1.2025854;02;02;02;02;02;0.8201674;0.3242744;0.4958934;-14.3269004;2.2867324;12;232;22;162;21.6416914;1.0437064;0.6214414;965.5456544;22.2637794;5750.0000004;4.5000004;-1.0000004;1112;nan4;nan4;02;11.8611984;0.0157394;212;nan4;NOT_AVAILABLE13;31.0482938;-20.5409508;300.3952278;9.4751768;False5;False5;02;True5;True5;False5;False5;False5;True5;True5;False5;0.0000004;0.0000004;0.9999284;6057.6816414;6041.7465824;6078.0180664;4.3088004;4.3043004;4.3138004;-0.4310004;-0.4444004;-0.4154004;439.8349914;437.1140144;442.6300964;0.2866004;0.2777004;0.2972004;0.2431004;0.2354004;0.2523004;0.1317004;0.1275004;0.1366004;MARCS1; 1.000
16361480689213767688;Gaia DR3 419103352414253017630;41910335241425301768;15170538928;2016.0000008;301.2361148;0.0204404;-10.5053648;0.0134564;2.2806588;0.0234104;97.4235384;8.0060604;1.7213328;0.0223204;-7.8188248;0.0149914;-0.0605194;0.2691404;0.1043004;-0.3538734;-0.3267164;-0.2538354;0.4142104;-0.1023304;-0.3805174;-0.0031514;3022;1642;3002;22;2.8163214;701.1838994;0.1178534;13.1876334;312;False5;1.5351814;nan4;nan4;nan4;nan4;nan4;nan4;nan4;352;172;0.0312544;452;82;02;0.0363244;62.7487914;12;02;1.1169864;nan4;nan4;nan4;nan4;nan4;nan4;nan4;nan4;False5;3322;123709.5429478;70.4923174;1754.9365234;12.9563594;402;63731.1308048;110.9898224;574.2069704;13.3276634;412;85933.2688368;103.7942894;827.9190674;12.4124924;1.2098054;02;12;02;12;02;0.9151724;0.3713054;0.5438674;-14.9070844;2.7478464;22;182;52;122;15.5896184;nan4;nan4;932.4880984;nan4;5250.0000004;3.0000004;-0.7500004;1112;nan4;nan4;02;12.1773414;0.0302864;132;nan4;NOT_AVAILABLE13;31.6472828;-21.0397018;301.1411268;9.6210448;False5;False5;02;True5;True5;False5;False5;False5;True5;True5;False5;0.0000004;0.0000004;0.9999084;5832.4208984;5825.3652344;5840.0112304;4.3213004;4.3129004;4.3285004;-0.3171004;-0.3257004;-0.3087004;422.8981024;418.6502994;427.3410034;0.3566004;0.3523004;0.3613004;0.2979004;0.2944004;0.3020004;0.1608004;0.1589004;0.1630004;MARCS1; 1.000
16361480689213767688;Gaia DR3 419103132511926720030;41910313251192672008;17851444288;2016.0000008;301.1479678;0.0575934;-10.5828658;0.0399624;2.2860308;0.0635154;35.9917304;7.8908904;1.3110158;0.0703144;-7.7812208;0.0454934;0.3086604;0.0647494;-0.2232774;-0.0551004;-0.1206264;-0.0895754;0.3602354;-0.1486704;-0.2352064;0.2386074;3312;02;3292;22;-0.5371994;324.3149724;0.0000004;0.0000004;312;False5;1.3378014;nan4;nan4;nan4;nan4;nan4;nan4;nan4;382;172;0.1006354;502;122;02;0.0194784;54.0354314;12;02;0.9779504;0.1136504;0.4958414;0.1883704;0.2884874;-82.6713184;-14.9713644;-44.5735634;36.2902724;False5;3512;4040.4798188;2.9351284;1376.5941164;16.6712844;422;1129.1418388;8.2262234;137.2612764;17.7066714;442;4292.1467318;10.5615734;406.3927614;15.6662094;1.3417444;02;12;02;12;02;2.0404624;1.0353874;1.0050754;nan4;nan4;02;02;02;02;nan4;nan4;nan4;nan4;nan4;nan4;nan4;nan4;02;nan4;nan4;02;nan4;nan4;02;nan4;NOT_AVAILABLE13;31.5326568;-20.9942398;301.0387578;9.5633598;False5;False5;02;True5;False5;False5;False5;False5;False5;True5;False5;0.0000004;0.0000004;0.9996804;4146.4960944;4131.0209964;4153.7026374;4.5603004;4.5527004;4.5640004;0.2360004;0.1903004;0.2532004;543.6384284;540.7471924;546.7451174;1.1122004;1.0931004;1.1298004;0.7887004;0.7747004;0.8013004;0.4319004;0.4245004;0.4385004;MARCS1; 0.900
16361480689213767688;Gaia DR3 419103283694774054430;41910328369477405448;2909588;2016.0000008;301.2396038;0.0774954;-10.5385018;0.0537964;2.1865548;0.0905554;24.1460844;8.3684374;1.2642578;0.0848164;-8.2723878;0.0615854;0.1457684;0.2220164;-0.1297904;-0.2175584;-0.2286144;-0.0838384;0.2629974;-0.2751044;-0.2559174;0.2743274;3282;02;3262;22;1.0410264;364.1812744;0.1482694;0.5660814;312;False5;1.2791494;nan4;nan4;nan4;nan4;nan4;nan4;nan4;382;182;0.1249364;502;102;02;0.0209124;39.1265224;02;02;1.0403144;0.2297374;0.4589524;0.3711844;0.3392564;-104.5926674;-11.8055144;-43.0497214;33.7489854;False5;3762;2319.4334738;2.6594674;872.1423344;17.2739124;442;479.7612608;6.7450894;71.1274874;18.6359794;442;2836.3993848;8.7761634;323.1935734;16.1159764;1.4297294;02;02;02;02;02;2.5200024;1.3620664;1.1579364;nan4;nan4;02;02;02;02;nan4;nan4;nan4;nan4;nan4;nan4;nan4;nan4;02;nan4;nan4;02;nan4;nan4;02;nan4;NOT_AVAILABLE13;31.6167148;-21.0569048;301.1374978;9.5879238;False5;False5;02;True5;False5;False5;False5;False5;True5;True5;False5;0.0000004;0.0000004;0.9982584;3524.8806154;3516.7973634;3539.6064454;4.4178004;4.4074004;4.4448004;-0.6688004;-0.7018004;-0.6190004;379.8913884;371.2608954;388.7431954;1.0258004;1.0008004;1.0556004;0.6791004;0.6625004;0.6991004;0.4128004;0.4030004;0.4243004;MARCS1; 1.000
16361480689213767688;Gaia DR3 419105908778786060830;41910590877878606088;116110868;2016.0000008;301.3901848;0.0600424;-10.4097048;0.0412734;2.2800388;0.0687454;33.1664734;8.1153204;1.6767648;0.0673714;-7.9402078;0.0467784;0.1888754;0.1420484;-0.1298104;-0.2330814;-0.1948244;-0.2179624;0.2477204;-0.0966284;-0.3289974;0.1289124;3162;02;3152;12;-1.2250604;293.1304324;0.0000004;0.0000004;312;False5;1.3345384;nan4;nan4;nan4;nan4;nan4;nan4;nan4;362;192;0.0953084;452;112;02;0.0449984;71.6080324;02;02;0.9501494;0.1503864;0.4720654;0.2005004;0.3687464;-126.3661504;-17.8854454;-44.1245354;38.6561054;False5;3632;3793.0347518;3.6786024;1031.1077884;16.7399014;412;1049.4711318;8.1690584;128.4690554;17.7861164;392;4044.2890008;13.7956504;293.1568304;15.7307904;1.3429254;02;02;02;02;02;2.0553264;1.0462154;1.0091104;nan4;nan4;02;02;02;02;nan4;nan4;nan4;nan4;nan4;nan4;nan4;nan4;02;nan4;nan4;02;nan4;nan4;02;nan4;NOT_AVAILABLE13;31.8091938;-21.1360618;301.3117448;9.6828058;False5;False5;02;True5;False5;False5;False5;False5;True5;True5;False5;0.0000004;0.0000004;0.9991464;3621.3464364;3610.6308594;3640.7739264;4.3552004;4.3212004;4.3808004;-0.7709004;-0.7942004;-0.7213004;456.4995124;437.5932014;488.3002014;0.4376004;0.4145004;0.4705004;0.3036004;0.2874004;0.3267004;0.1689004;0.1599004;0.1817004;PHOENIX1; 1.000
16361480689213767688;Gaia DR3 419105706056330598430;41910570605633059848;1006208948;2016.0000008;301.3011498;0.0144394;-10.4634438;0.0098794;2.2581258;0.0186304;121.2072834;8.0151704;1.4276448;0.0164544;-7.8870018;0.0115444;-0.0590834;0.1689994;0.1389884;-0.3180624;-0.4541884;-0.2159514;0.4979724;-0.1069924;-0.5282014;-0.0088994;3062;82;3062;02;0.7635624;344.2800604;0.0000004;0.0000004;312;False5;1.5319404;nan4;nan4;nan4;nan4;nan4;nan4;nan4;352;162;0.0230564;492;82;02;0.0709444;80.0414814;02;02;1.0301634;nan4;nan4;nan4;nan4;nan4;nan4;nan4;nan4;False5;3622;107198.6122048;62.2838524;1721.1301274;13.1118944;442;55051.7066708;95.6230704;575.7157594;13.4866154;432;74834.6490878;94.7471694;789.8352054;12.5626384;1.2116424;02;02;02;02;02;0.9239774;0.3747224;0.5492554;-17.3120104;2.5734124;22;222;82;152;14.2598084;nan4;nan4;965.3692024;nan4;5250.0000004;4.5000004;-0.7500004;1012;nan4;nan4;02;12.3526814;0.0261354;142;nan4;NOT_AVAILABLE13;31.7171008;-21.0797258;301.2134588;9.6486438;False5;False5;02;True5;True5;False5;False5;False5;True5;True5;False5;0.0000004;0.0000004;0.9999514;5811.5917974;5799.1655274;5880.0727544;4.3691004;4.3599004;4.3981004;-0.3257004;-0.3394004;-0.2640004;426.1281134;421.9798894;430.7814034;0.3471004;0.3396004;0.3862004;0.2899004;0.2834004;0.3230004;0.1564004;0.1529004;0.1743004;MARCS1; 1.000
16361480689213767688;Gaia DR3 419102871377924736030;41910287137792473608;15316452848;2016.0000008;300.9395518;0.0157864;-10.5966798;0.0108764;2.2783208;0.0177274;128.5211494;8.3381594;1.6001388;0.0185324;-8.1831818;0.0124274;0.3074544;0.1515964;-0.3126474;-0.1195874;-0.0794164;-0.1022154;0.2549844;-0.2980134;-0.2861614;0.2966354;3292;02;3252;42;3.5277384;419.7717294;0.0686434;3.7380454;312;False5;1.5082134;nan4;nan4;nan4;nan4;nan4;nan4;nan4;372;182;0.0274904;492;102;02;0.0384984;73.3645864;02;02;1.1415504;0.1218464;0.4840684;0.1997874;0.3231314;-112.0923464;-19.7713584;-45.2411354;36.2572904;False5;3872;72954.0828488;73.3423544;994.7060554;13.5297434;482;35517.1415788;109.0578544;325.6724854;13.9624474;482;53750.4043558;140.7506874;381.8837894;12.9219414;1.2236134;02;02;02;02;02;1.0405064;0.4327044;0.6078024;-15.4696074;4.8213604;22;142;12;82;8.7287544;nan4;nan4;675.8784794;nan4;5000.0000004;3.5000004;-1.0000004;1112;nan4;nan4;02;12.6708804;0.0537234;132;nan4;NOT_AVAILABLE13;31.4260328;-20.8146848;300.8326258;9.5924658;False5;False5;02;True5;True5;False5;False5;False5;True5;True5;False5;0.0000004;0.0000004;0.9999634;5690.2392584;5684.2197274;5695.9023444;4.4290004;4.4242004;4.4331004;-0.3731004;-0.3804004;-0.3655004;418.4804994;415.6018984;421.7279974;0.5412004;0.5369004;0.5453004;0.4458004;0.4422004;0.4493004;0.2408004;0.2388004;0.2427004;MARCS1; 1.000
16361480689213767688;Gaia DR3 419102500292727756830;41910250029272775688;2398253718;2016.0000008;300.9900718;0.0254514;-10.6686318;0.0178724;2.2382758;0.0279004;80.2255174;8.6933924;1.2179018;0.0310454;-8.6076588;0.0214304;0.2851754;0.1936044;-0.2496804;-0.1362624;0.0633094;-0.1213774;0.2173284;-0.2850354;-0.1385354;0.3143364;3132;92;3092;42;3.1749794;397.1148994;0.0836764;1.8456954;312;False5;1.4371244;nan4;nan4;nan4;nan4;nan4;nan4;nan4;372;182;0.0457304;492;92;02;0.0235704;65.0221024;02;02;1.1303454;nan4;nan4;nan4;nan4;nan4;nan4;nan4;nan4;False5;3612;19880.7182528;12.7925194;1554.0894784;14.9412874;442;8093.6287158;24.7242344;327.3561104;15.5681844;402;16894.0220988;47.0758174;358.8683784;14.1785634;1.2568794;02;32;02;02;02;1.3896214;0.6268974;0.7627244;15.3417594;8.5651944;22;132;32;102;4.0626564;nan4;nan4;965.4715584;nan4;4250.0000004;2.5000004;-0.7500004;1112;nan4;nan4;02;13.7554004;0.1219504;132;nan4;VARIABLE13;31.3789158;-20.8902078;300.8667378;9.5117758;False5;False5;02;True5;True5;False5;True5;False5;True5;True5;False5;0.0000004;0.0000004;0.9998844;4744.6035164;4731.5742194;4759.1337894;4.5547004;4.5485004;4.5605004;-0.1024004;-0.1198004;-0.0845004;446.1987004;443.1173104;450.5440984;0.5455004;0.5312004;0.5607004;0.4207004;0.4094004;0.4327004;0.2228004;0.2169004;0.2292004;MARCS1; 0.700
16361480689213767688;Gaia DR3 419102555268324723230;41910255526832472328;15196868608;2016.0000008;301.0349478;0.1111544;-10.6316248;0.0757504;2.2174118;0.1129804;19.6265014;8.0868024;1.6856488;0.1329164;-7.9091698;0.0869384;0.3424334;0.1133684;-0.3910054;-0.0742514;-0.0236594;-0.0956424;0.2020214;-0.1743494;-0.1766684;0.2937894;3222;02;3192;32;1.8796814;380.1014404;0.4185134;2.6045524;312;False5;1.2790644;nan4;nan4;nan4;nan4;nan4;nan4;nan4;362;172;0.1962874;472;132;02;0.0062184;45.2095794;02;02;1.0748504;0.0777004;0.4678144;0.1531694;0.3439854;-109.3046804;-17.3681184;-44.8148314;36.8559994;False5;3712;1548.6770278;1.8774864;824.8673104;17.7124654;422;318.7291788;8.3496144;38.1729244;19.0799884;412;1896.2627028;12.3352724;153.7268684;16.5531504;1.4302484;02;12;02;02;02;2.5268384;1.3675234;1.1593154;nan4;nan4;02;02;02;02;nan4;nan4;nan4;nan4;nan4;nan4;nan4;nan4;02;nan4;nan4;02;nan4;nan4;02;nan4;NOT_AVAILABLE13;31.4348338;-20.9144108;300.9182788;9.5388108;False5;False5;02;False5;False5;False5;False5;False5;True5;True5;False5;0.0000004;0.0000004;0.9992454;3556.1306154;3543.2924804;3565.9130864;4.7038004;4.6716004;4.7316004;-0.3172004;-0.3835004;-0.2460004;400.9678964;384.6466984;419.8564154;0.9013004;0.8758004;0.9256004;0.5974004;0.5804004;0.6138004;0.3651004;0.3550004;0.3744004;MARCS1; 1.000
16361480689213767688;Gaia DR3 419103369594124121630;41910336959412412168;8470852838;2016.0000008;301.2325658;0.0215614;-10.4779778;0.0128824;2.2900638;0.0244214;93.7736214;7.9187544;1.3339638;0.0230374;-7.8055888;0.0157664;-0.0696544;0.4223764;0.0557984;-0.3818084;-0.2246794;-0.2184144;0.3987554;-0.1397524;-0.4331184;0.0523324;2882;02;2862;22;2.4011914;343.6627504;0.0376154;0.6753484;312;False5;1.4861814;nan4;nan4;nan4;nan4;nan4;nan4;nan4;332;172;0.0321454;462;82;02;0.0250434;55.7715114;02;02;1.1017544;0.1815554;0.5021724;0.3078474;0.2591584;-81.0854034;-9.8013894;-47.7964974;33.8448874;False5;3372;44016.8503588;44.3347634;992.8292854;14.0783204;442;20292.9352438;69.4851764;292.0469674;14.5701804;452;33720.4625948;74.7507324;451.1054384;13.4281624;1.2271074;02;12;02;12;02;1.1420184;0.4918604;0.6501584;-13.8787454;3.5466194;22;212;22;142;7.4515424;nan4;nan4;965.3692634;nan4;4750.0000004;3.0000004;-0.7500004;1112;nan4;nan4;02;13.2252644;0.0521534;192;nan4;NOT_AVAILABLE13;31.6722428;-21.0248888;301.1434778;9.6485548;False5;False5;02;True5;True5;False5;False5;False5;True5;True5;False5;0.0000004;0.0000004;0.9998964;5289.0678714;5272.4448244;5307.4794924;4.5510004;4.5328004;4.5718004;-0.1368004;-0.1539004;-0.1184004;410.6307984;406.0396124;417.1390084;0.4933004;0.4818004;0.5069004;0.3966004;0.3872004;0.4078004;0.2117004;0.2067004;0.2177004;MARCS1; 1.000
16361480689213767688;Gaia DR3 419103403953865817630;41910340395386581768;15202772198;2016.0000008;301.1308528;0.0201294;-10.5084838;0.0131224;2.2523128;0.0224694;100.2408604;8.0835444;1.5430228;0.0221214;-7.9349088;0.0155104;0.1405034;0.3609504;-0.1256334;-0.2461604;-0.0613124;-0.1479994;0.3148704;-0.2347264;-0.2834494;0.2167594;3642;3642;3572;72;1.8557294;1654.1019294;0.1561954;36.6264314;312;True5;1.6122114;nan4;nan4;nan4;nan4;nan4;nan4;nan4;412;182;0.0320224;552;102;02;0.0453234;70.2879944;02;02;1.0697814;nan4;nan4;nan4;nan4;nan4;nan4;nan4;nan4;False5;4062;544309.2563878;167.6724404;3246.2656254;11.3477534;492;323972.5826828;177.8550574;1821.5539554;11.5622714;462;319181.4396918;113.9456184;2801.1733404;10.9878024;1.1815974;02;12;02;02;02;0.5744704;0.2145194;0.3599514;-18.6075734;2.1255714;12;182;32;122;43.6562614;0.2977524;0.5745974;895.2611084;25.2352874;7000.0000004;4.0000004;-0.2500004;5552;92.7709964;20.3705844;122;10.8299564;0.0111284;122;nan4;NOT_AVAILABLE13;31.5970838;-20.9473728;301.0378058;9.6396158;False5;False5;02;True5;True5;False5;False5;False5;False5;True5;False5;0.0000004;0.0000004;0.9998994;nan4;nan4;nan4;nan4;nan4;nan4;nan4;nan4;nan4;nan4;nan4;nan4;nan4;nan4;nan4;nan4;nan4;nan4;nan4;nan4;nan4;1; 1.000
16361480689213767688;Gaia DR3 419106252376184025630;41910625237618402568;12738083848;2016.0000008;301.1826048;0.0684874;-10.3530608;0.0391934;2.2701148;0.0729234;31.1300914;7.7436124;1.2460188;0.0703954;-7.6427068;0.0478964;-0.1067394;0.4001044;0.1332484;-0.4020164;-0.1571304;-0.2633534;0.4093934;-0.1205904;-0.3814574;-0.0013104;3072;02;3062;12;1.3800264;350.6853334;0.1444404;1.0720374;312;False5;1.3476934;nan4;nan4;nan4;nan4;nan4;nan4;nan4;352;162;0.0990114;482;92;02;0.0475554;72.1020584;12;02;1.0556424;0.1162814;0.5194894;0.2043804;0.2479284;-67.1537784;-6.9231604;-50.0712594;34.6602064;False5;3612;4382.7250068;4.3951904;997.1638794;16.5830064;232;1347.1693678;13.4081604;100.4738394;17.5149864;212;4733.7220958;25.5780184;185.0699314;15.5598894;1.3874684;02;22;02;22;02;1.9550974;0.9319804;1.0231174;nan4;nan4;02;02;02;02;nan4;nan4;nan4;nan4;nan4;nan4;nan4;nan4;02;nan4;nan4;02;nan4;nan4;02;nan4;NOT_AVAILABLE13;31.7708548;-20.9272118;301.1212278;9.7809858;False5;False5;02;False5;False5;False5;False5;False5;True5;True5;False5;0.0000004;0.0000004;0.9990194;3661.7263184;3641.1457524;3693.0114754;4.4327004;4.4057004;4.4757004;-0.8749004;-0.9208004;-0.8057004;384.6773074;379.2872014;405.4739074;0.3601004;0.3228004;0.4025004;0.2519004;0.2257004;0.2824004;0.1383004;0.1240004;0.1549004;PHOENIX1; 1.000
16361480689213767688;Gaia DR3 419107052958087756830;41910705295808775688;2267850118;2016.0000008;301.3609168;0.0714324;-10.2207388;0.0471954;2.1780238;0.0800954;27.1929074;7.8519514;1.8324608;0.0839894;-7.6351318;0.0559924;0.0919134;-0.0234104;0.0782274;-0.3197534;0.0005194;-0.3000034;0.2214554;-0.3222914;-0.1869844;0.1427184;3282;02;3272;12;-1.2153144;305.7740484;0.0000004;0.0000004;312;False5;1.3151844;nan4;nan4;nan4;nan4;nan4;nan4;nan4;372;182;0.1196914;462;82;02;0.0307094;71.0853504;02;02;0.9514764;0.1462694;0.4767464;0.1725314;0.3615204;-154.3827064;-15.2675694;-42.5285224;38.3226594;False5;3682;2928.0041928;3.1879474;918.4607544;17.0209374;442;742.8258208;9.2774534;80.0678564;18.1613254;452;3244.3969458;9.2122164;352.1841744;15.9700604;1.3617544;02;02;02;02;02;2.1912654;1.1403884;1.0508774;nan4;nan4;02;02;02;02;nan4;nan4;nan4;nan4;nan4;nan4;nan4;nan4;02;nan4;nan4;02;nan4;nan4;02;nan4;NOT_AVAILABLE13;31.9792038;-21.0294128;301.3234748;9.8736028;False5;False5;02;True5;False5;False5;False5;False5;False5;True5;False5;0.0000004;0.0000004;0.9991464;nan4;nan4;nan4;nan4;nan4;nan4;nan4;nan4;nan4;nan4;nan4;nan4;nan4;nan4;nan4;nan4;nan4;nan4;nan4;nan4;nan4;1; 1.000
16361480689213767688;Gaia DR3 419105822879447462430;41910582287944746248;6050295698;2016.0000008;301.2206088;0.0466124;-10.4314038;0.0270274;2.0116608;0.0526624;38.1997994;7.6807804;1.7359228;0.0464434;-7.4820438;0.0345384;-0.1321714;0.5139614;0.1622174;-0.4021034;-0.2848804;-0.1717124;0.5151264;-0.0570514;-0.4700284;0.0851274;2782;2782;2782;02;30.8873654;3467.4130864;0.2944534;107.6819924;312;True5;1.5647694;nan4;nan4;nan4;nan4;nan4;nan4;nan4;322;162;0.0653744;462;72;02;0.0422304;73.6987084;02;02;2.5785984;nan4;nan4;nan4;nan4;nan4;nan4;nan4;nan4;False5;3142;279914.0458968;64.7353824;4323.9731454;12.0698054;402;153153.5427158;83.0655824;1843.7666024;12.3757254;402;183478.8513658;67.7970124;2706.2971194;11.5889304;1.2026284;02;12;02;12;02;0.7867954;0.3059204;0.4808754;-17.3678324;2.8624504;12;222;52;152;33.5595704;9.0095024;0.0000004;965.3692024;33.5003364;5750.0000004;1.5000004;-1.0000004;1112;19.3611644;17.7493254;122;11.3950434;0.0233324;162;nan4;NOT_AVAILABLE13;31.7120208;-20.9944158;301.1416968;9.6965588;False5;False5;22;True5;True5;False5;False5;False5;False5;True5;False5;0.0000004;0.0000004;0.9999654;nan4;nan4;nan4;nan4;nan4;nan4;nan4;nan4;nan4;nan4;nan4;nan4;nan4;nan4;nan4;nan4;nan4;nan4;nan4;nan4;nan4;1; 1.000
16361480689213767688;Gaia DR3 419103142819921817630;41910314281992181768;9158508388;2016.0000008;301.1593898;0.0257694;-10.5654688;0.0170114;2.3189178;0.0311954;74.3357474;8.0472844;1.0148678;0.0274984;-7.9830348;0.0197304;0.0640244;0.3022324;-0.0914474;-0.3084454;-0.2564624;-0.1551514;0.3960654;-0.2632434;-0.4371924;0.1603224;3232;3232;3172;62;10.2399374;2134.6191414;0.1888364;46.9908034;312;True5;1.6855134;nan4;nan4;nan4;nan4;nan4;nan4;nan4;372;172;0.0399364;482;92;22;0.0548964;77.7381524;02;02;1.4355664;nan4;nan4;nan4;nan4;nan4;nan4;nan4;nan4;False5;3562;1748354.6181768;602.9971924;2899.4406744;10.0807934;432;1169109.1194008;367.2231754;3183.6474614;10.1689044;432;868619.9449938;182.5045474;4759.4428714;9.9008214;1.1655124;02;02;02;02;02;0.2680844;0.0881114;0.1799734;-20.2672464;3.2653204;12;182;42;112;82.0414354;-0.7265064;0.8039374;843.3756104;41.0428094;9000.0000004;4.5000004;0.0000004;5552;236.8771674;55.7572404;112;9.8069224;0.0131764;112;nan4;NOT_AVAILABLE13;31.5546358;-20.9970048;301.0535748;9.5780308;False5;False5;02;True5;True5;False5;False5;False5;False5;True5;False5;0.0000004;0.0000004;0.9986424;nan4;nan4;nan4;nan4;nan4;nan4;nan4;nan4;nan4;nan4;nan4;nan4;nan4;nan4;nan4;nan4;nan4;nan4;nan4;nan4;nan4;1; 1.000
16361480689213767688;Gaia DR3 419103836886576640030;41910383688657664008;14299223628;2016.0000008;301.0793428;0.0905564;-10.4327918;0.0662934;2.2993518;0.1081274;21.2653334;7.5255564;1.2454238;0.1044564;-7.4217868;0.0807724;0.2392974;0.2888444;-0.1410494;-0.2060564;-0.1563594;-0.0463254;0.2758444;-0.3504954;-0.3270824;0.4023534;3172;02;3152;22;0.6228394;340.7290044;0.1892514;0.6724644;312;False5;1.2810194;nan4;nan4;nan4;nan4;nan4;nan4;nan4;362;182;0.1613564;482;112;02;0.0045084;50.1078114;02;02;1.0240344;0.1905924;0.4625074;0.2969034;0.3637474;-79.7680824;-18.8681794;-47.0301934;37.9695854;False5;3792;1849.0661128;2.5434484;726.9919434;17.5199854;462;384.9585798;8.0344794;47.9133224;18.8750084;452;2236.2052868;9.9225924;225.3650364;16.3741174;1.4175614;02;22;02;02;02;2.5008914;1.3550224;1.1458684;nan4;nan4;02;02;02;02;nan4;nan4;nan4;nan4;nan4;nan4;nan4;nan4;02;nan4;nan4;02;nan4;nan4;02;nan4;NOT_AVAILABLE13;31.6473118;-20.8693128;301.0035588;9.7242028;False5;False5;02;True5;False5;False5;False5;False5;True5;True5;False5;0.0000004;0.0000004;0.9929644;3478.4223634;3469.2951664;3491.9838874;4.4249004;4.4094004;4.4607004;-0.7558004;-0.7932004;-0.6911004;376.7954104;366.7833864;389.2828984;0.9426004;0.9190004;0.9658004;0.6218004;0.6059004;0.6373004;0.3806004;0.3712004;0.3898004;MARCS1; 0.900
16361480689213767688;Gaia DR3 419104592800798028830;41910459280079802888;6223724998;2016.0000008;300.7485148;0.0588054;-10.4911088;0.0467224;2.1824708;0.0637554;34.2320944;7.8727084;1.8234968;0.0716364;-7.6586168;0.0525674;0.3974324;0.1187944;-0.0936964;0.1630144;-0.0829154;0.1737624;0.5134774;-0.3163424;-0.1515324;0.3905374;2852;02;2842;12;0.1408474;294.8384404;0.0764634;0.2690444;312;False5;1.3249714;nan4;nan4;nan4;nan4;nan4;nan4;nan4;332;172;0.1077934;452;132;02;0.0085444;78.7747884;02;02;1.0047724;0.1671364;0.4937574;0.2037064;0.2875914;-51.4119874;-18.7967994;-36.0374644;35.7577934;False5;3282;3991.6894608;6.1304844;651.1214604;16.6844754;442;1066.1896758;8.5784284;124.2873004;17.7689554;432;4351.9381338;15.1506064;287.2451484;15.6511894;1.3573524;02;02;02;02;02;2.1177664;1.0844804;1.0332864;nan4;nan4;02;02;02;02;nan4;nan4;nan4;nan4;nan4;nan4;nan4;nan4;02;nan4;nan4;02;nan4;nan4;02;nan4;NOT_AVAILABLE13;31.4427398;-20.5998028;300.6683868;9.7346078;False5;False5;02;True5;False5;False5;False5;False5;False5;True5;False5;0.0000004;0.0000004;0.9982584;nan4;nan4;nan4;nan4;nan4;nan4;nan4;nan4;nan4;nan4;nan4;nan4;nan4;nan4;nan4;nan4;nan4;nan4;nan4;nan4;nan4;1; 0.900
16361480689213767688;Gaia DR3 419105616721043891230;41910561672104389128;9365269058;2016.0000008;300.8963198;0.0184384;-10.2677388;0.0125054;2.2425428;0.0211414;106.0778354;8.1177534;1.4378608;0.0205324;-7.9893988;0.0141104;0.0011214;0.2540154;0.0970714;-0.3225524;-0.3339784;-0.2328374;0.3564624;-0.0663944;-0.3665364;0.0617334;2832;02;2832;02;-0.9409964;257.8634344;0.0000004;0.0000004;312;False5;1.4943404;nan4;nan4;nan4;nan4;nan4;nan4;nan4;322;172;0.0286614;462;92;02;0.0208044;65.3018654;02;02;0.9591774;0.2443504;0.4824174;0.3926594;0.3265374;-90.6630254;-13.8235584;-42.1683274;38.5492444;False5;3342;49346.3477958;29.6575014;1663.8741464;13.9542294;442;23174.9251438;40.3992354;573.6476444;14.4259974;412;37058.2200358;52.9307174;700.1268924;13.3256854;1.2206204;02;12;02;12;02;1.1003124;0.4717674;0.6285454;-14.9085134;4.0648464;22;182;42;122;6.9211754;nan4;nan4;895.1868904;nan4;4750.0000004;3.0000004;-0.7500004;1112;nan4;nan4;02;13.0616784;0.0647554;142;nan4;VARIABLE13;31.7248458;-20.6360698;300.8596398;9.9230738;False5;False5;02;True5;True5;False5;True5;False5;True5;True5;False5;0.0000004;0.0000004;0.9999234;5186.7036134;5166.6230474;5212.1015624;4.4757004;4.4614004;4.4833004;-0.3483004;-0.3725004;-0.3221004;440.6386114;435.6300964;452.6546944;0.3083004;0.2932004;0.3290004;0.2486004;0.2363004;0.2654004;0.1331004;0.1265004;0.1421004;MARCS1; 1.000
16361480689213767688;Gaia DR3 419105805699577139230;41910580569957713928;192846518;2016.0000008;301.2369048;0.1021434;-10.4380638;0.0589054;2.1620358;0.1044734;20.6947464;7.8293714;1.7215858;0.1118774;-7.6377488;0.0716984;-0.2110904;0.3320714;0.2872884;-0.4743134;-0.1811394;-0.3538114;0.4519314;-0.1858034;-0.3571864;-0.1015114;2972;02;2962;12;-0.3757264;294.8755804;0.0000004;0.0000004;312;False5;1.3026104;nan4;nan4;nan4;nan4;nan4;nan4;nan4;342;162;0.1628484;462;82;02;0.0267524;74.1290054;02;02;0.9833274;0.1503164;0.5186424;0.2700204;0.2470634;-102.3024904;-7.4343764;-46.2734874;35.0706634;False5;3392;2298.8586858;2.4837934;925.5433964;17.2835874;382;545.7429878;12.3154304;44.3137594;18.4960714;382;2607.7832558;10.2431914;254.5870064;16.2072164;1.3717794;02;02;02;02;02;2.2888554;1.2124844;1.0763704;nan4;nan4;02;02;02;02;nan4;nan4;nan4;nan4;nan4;nan4;nan4;nan4;02;nan4;nan4;02;nan4;nan4;02;nan4;NOT_AVAILABLE13;31.7128778;-21.0117528;301.1561818;9.6866928;False5;False5;02;True5;False5;False5;False5;False5;True5;True5;False5;0.0000004;0.0000004;0.9991464;3629.3332524;3604.3154304;3639.4289554;4.4004004;4.3521004;4.5078004;-0.7894004;-0.8788004;-0.7595004;468.7460024;390.6596074;511.4165954;0.8798004;0.8443004;0.9070004;0.5963004;0.5719004;0.6153004;0.3484004;0.3341004;0.3589004;MARCS1; 1.000
16361480689213767688;Gaia DR3 419104981065873049630;41910498106587304968;4683016378;2016.0000008;300.9374488;0.0347454;-10.4032048;0.0234444;2.3024988;0.0415104;55.4686164;8.1600854;1.4752758;0.0411294;-8.0256188;0.0285234;0.2496844;0.3775914;-0.2697514;-0.2417224;-0.0249774;-0.1191564;0.2261084;-0.4147744;-0.3590354;0.3510374;3132;02;3122;12;1.0682054;343.4147344;0.0438524;0.2578074;312;True5;1.3954274;nan4;nan4;nan4;nan4;nan4;nan4;nan4;362;172;0.0628004;502;92;02;0.0360144;63.9908604;02;02;1.0423164;0.1549634;0.4669654;0.2596794;0.3459424;-77.0480354;-18.9372124;-49.8531804;34.6703954;False5;3702;10309.6582738;8.4585234;1218.8485114;15.6542564;422;3681.8990578;18.8032574;195.8117684;16.4233634;412;9597.8314728;19.3885504;495.0257574;14.7924624;1.2880864;02;12;02;02;02;1.6309004;0.7691074;0.8617944;nan4;nan4;02;02;02;02;nan4;nan4;nan4;nan4;nan4;nan4;nan4;nan4;02;nan4;nan4;02;nan4;nan4;02;nan4;NOT_AVAILABLE13;31.6123338;-20.7304538;300.8712938;9.7821618;False5;False5;02;True5;False5;False5;False5;False5;False5;True5;False5;0.0000004;0.0000004;0.9996974;nan4;nan4;nan4;nan4;nan4;nan4;nan4;nan4;nan4;nan4;nan4;nan4;nan4;nan4;nan4;nan4;nan4;nan4;nan4;nan4;nan4;1; 1.000
16361480689213767688;Gaia DR3 419105805699576780830;41910580569957678088;12721388618;2016.0000008;301.2474588;0.0230524;-10.4332068;0.0141674;2.2599078;0.0268044;84.3132254;7.9962914;1.3369048;0.0263744;-7.8837408;0.0170574;0.0147514;0.2806004;0.0257234;-0.3646524;-0.2589834;-0.3101914;0.3983644;-0.0301134;-0.4593684;-0.0125344;2812;2812;2772;42;2.0470304;1083.2009284;0.1348594;21.4579054;312;True5;1.6987064;nan4;nan4;nan4;nan4;nan4;nan4;nan4;322;172;0.0367804;472;82;12;0.0648574;78.0246814;02;02;1.0877774;nan4;nan4;nan4;nan4;nan4;nan4;nan4;nan4;False5;3292;2096258.6063468;781.1640014;2683.5063484;9.8837554;452;1426957.3435298;490.2334294;2910.7712404;9.9525154;452;1010357.1681718;252.5264744;4000.9951174;9.7367094;1.1626974;02;02;02;02;02;0.2158064;0.0687604;0.1470464;-23.8225044;3.0774364;12;192;82;132;93.1785134;-1.1303584;0.9187854;965.3692024;37.9307294;9500.0000004;4.5000004;0.2500004;5552;239.4216004;65.6150674;72;9.6520394;0.0109584;72;nan4;NOT_AVAILABLE13;31.7223218;-21.0190748;301.1675098;9.6892698;False5;False5;02;True5;True5;False5;False5;False5;False5;True5;False5;0.0000004;0.0000004;0.9996654;nan4;nan4;nan4;nan4;nan4;nan4;nan4;nan4;nan4;nan4;nan4;nan4;nan4;nan4;nan4;nan4;nan4;nan4;nan4;nan4;nan4;1; 1.000
16361480689213767688;Gaia DR3 419099603766918361630;41909960376691836168;7500522608;2016.0000008;300.4621838;0.0152024;-10.5771758;0.0105084;2.2305778;0.0163064;136.7906954;8.0572004;1.2987968;0.0203274;-7.9518308;0.0113694;-0.0073064;0.0661164;0.0332914;-0.3275864;0.1822954;-0.4216264;0.4120244;-0.2612464;-0.0479944;-0.0775974;3042;02;3032;12;-0.7166044;283.0087594;0.0000004;0.0000004;312;False5;1.5201104;nan4;nan4;nan4;nan4;nan4;nan4;nan4;352;162;0.0287444;482;82;02;0.0542044;71.2113344;02;02;0.9696834;0.0851744;0.5013994;0.1366934;0.2985114;-43.1576694;-12.8674124;-36.6706054;41.2650644;False5;3552;80611.6590208;34.2404404;2354.2822274;13.4213724;422;40267.6996878;70.4590154;571.5053104;13.8261504;422;57633.7219788;65.4405364;880.7036744;12.8462044;1.2144824;02;22;02;12;02;0.9799464;0.4047784;0.5751694;-19.0544284;2.9935024;22;162;42;112;10.2728494;nan4;nan4;938.1277474;nan4;5250.0000004;3.0000004;-0.5000004;1112;nan4;nan4;02;12.6285704;0.0276184;122;nan4;VARIABLE13;31.2316858;-20.3817048;300.3709338;9.7082168;False5;False5;02;True5;True5;False5;True5;False5;True5;True5;False5;0.0000004;0.0000004;0.9999074;5389.6992194;5352.4111334;5442.8754884;4.4370004;4.4044004;4.5209004;-0.5507004;-0.6018004;-0.4848004;416.6601874;353.9562994;435.3739014;0.2087004;0.1827004;0.2477004;0.1714004;0.1498004;0.2036004;0.0923004;0.0807004;0.1097004;MARCS1; 1.000
16361480689213767688;Gaia DR3 419105709062459929630;41910570906245992968;882641838;2016.0000008;301.3079248;0.0273334;-10.4504688;0.0174354;2.2773198;0.0308194;73.8929524;7.9696404;1.5607768;0.0307094;-7.8153148;0.0209394;-0.0717124;0.2812494;0.1223194;-0.3513014;-0.2960914;-0.2630014;0.3942384;-0.0304484;-0.3923354;-0.0236874;2962;02;2952;12;-0.0937994;291.7940984;0.0000004;0.0000004;312;False5;1.4251714;nan4;nan4;nan4;nan4;nan4;nan4;nan4;342;172;0.0430684;472;92;02;0.0472514;77.0312734;02;02;0.9949604;0.2207714;0.4892584;0.3123114;0.3082664;-119.7684024;-7.3627714;-43.7860684;34.5877884;False5;3392;20791.2409438;16.5174964;1258.7404794;14.8926664;412;8142.2563078;26.5471174;306.7096254;15.5616804;422;18197.0725618;43.6578834;416.8106994;14.0978924;1.2668474;02;412;02;82;02;1.4637884;0.6690144;0.7947744;-0.8488584;9.8742504;22;172;42;122;3.4345624;nan4;nan4;965.3692024;nan4;4250.0000004;2.5000004;-1.5000004;1112;nan4;nan4;02;13.9391384;0.1068014;142;nan4;NOT_AVAILABLE13;31.7327238;-21.0802288;301.2228258;9.6599338;False5;False5;02;True5;True5;False5;False5;False5;False5;True5;False5;0.0000004;0.0000004;0.9996174;nan4;nan4;nan4;nan4;nan4;nan4;nan4;nan4;nan4;nan4;nan4;nan4;nan4;nan4;nan4;nan4;nan4;nan4;nan4;nan4;nan4;1; 1.000
16361480689213767688;Gaia DR3 419102228850794086430;41910222885079408648;11374076588;2016.0000008;300.9744428;0.0769124;-10.7451538;0.0505254;2.2752158;0.0794124;28.6507534;8.0383094;1.5504908;0.0961384;-7.8873578;0.0596984;0.2565424;0.1707104;-0.3872494;-0.0580184;0.0140594;-0.0755244;0.1880554;-0.2522654;-0.1490374;0.2131634;2912;02;2902;12;1.6186854;340.5588074;0.2123654;1.3942654;312;False5;1.3173454;nan4;nan4;nan4;nan4;nan4;nan4;nan4;342;172;0.1399724;442;102;02;0.0158394;52.6178744;12;02;1.0673644;0.0490234;0.4427664;0.1398754;0.3684684;-90.5831764;-12.7462074;-46.0616534;35.1720774;False5;3332;2787.5908558;2.6511784;1051.4534914;17.0742954;382;715.1328108;11.7810694;60.7018624;18.2025764;422;3119.1094358;11.3831934;274.0100714;16.0128194;1.3754684;02;12;02;12;02;2.1897564;1.1282814;1.0614764;nan4;nan4;02;02;02;02;nan4;nan4;nan4;nan4;nan4;nan4;nan4;nan4;02;nan4;nan4;02;nan4;nan4;02;nan4;NOT_AVAILABLE13;31.2977738;-20.9087898;300.8354018;9.4401088;False5;False5;02;True5;False5;False5;False5;False5;False5;True5;False5;0.0000004;0.0000004;0.9964874;nan4;nan4;nan4;nan4;nan4;nan4;nan4;nan4;nan4;nan4;nan4;nan4;nan4;nan4;nan4;nan4;nan4;nan4;nan4;nan4;nan4;1; 1.000
16361480689213767688;Gaia DR3 419103362722175142430;41910336272217514248;7578739058;2016.0000008;301.2447358;0.0750664;-10.4913348;0.0504914;2.2567198;0.0882664;25.5673074;8.1198014;1.3292618;0.0841734;-8.0102578;0.0572714;-0.0429124;0.3283774;0.0986734;-0.3455804;-0.3404434;-0.2150294;0.4100904;-0.1369734;-0.4012944;0.0266324;3052;02;3042;12;6.9082014;523.5088504;0.3684604;7.1813974;312;False5;1.3276524;nan4;nan4;nan4;nan4;nan4;nan4;nan4;352;172;0.1175544;482;102;02;0.0130184;118.5944904;02;02;1.2941934;0.2468724;0.4720824;0.3767364;0.3033594;-95.0426484;-10.4460644;-44.1401374;33.9281544;False5;3462;4391.1050808;5.4191694;810.2911384;16.5809334;412;1194.6006148;8.9073024;134.1147614;17.6454854;412;4822.2628628;15.9153594;302.9942934;15.5397684;1.3702394;02;22;02;32;02;2.1057174;1.0645524;1.0411644;nan4;nan4;02;02;02;02;nan4;nan4;nan4;nan4;nan4;nan4;nan4;nan4;02;nan4;nan4;02;nan4;nan4;02;nan4;NOT_AVAILABLE13;31.6647518;-21.0414028;301.1525128;9.6329898;False5;False5;02;True5;False5;False5;False5;False5;True5;True5;False5;0.0000004;0.0000004;0.9982584;5003.0844734;4936.2270514;5062.3081054;4.6557004;4.6265004;4.6974004;-2.4669004;-2.4916004;-2.4135004;406.7492984;384.1029054;423.7655034;2.6360004;2.5793004;2.6916004;1.9419004;1.8957004;1.9865004;1.0798004;1.0532004;1.1055004;PHOENIX1; 1.000
16361480689213767688;Gaia DR3 419103318054515443230;41910331805451544328;1014250348;2016.0000008;301.2006078;0.0224404;-10.5217328;0.0149144;2.2559918;0.0256234;88.0441594;8.0200614;1.4928348;0.0261764;-7.8799008;0.0177294;0.1275934;0.2797944;-0.1543654;-0.2316804;-0.1054364;-0.1516564;0.3142334;-0.2501324;-0.3407544;0.1727494;3002;3002;2912;92;0.2960484;1075.1003424;0.1610914;29.5195054;312;True5;1.7124724;nan4;nan4;nan4;nan4;nan4;nan4;nan4;342;182;0.0375524;442;82;02;0.0837104;71.9598394;02;02;1.0112344;nan4;nan4;nan4;nan4;nan4;nan4;nan4;nan4;False5;3402;2426442.4491008;665.7939454;3644.4345704;9.7249424;412;1691045.9858128;1020.3518074;1657.3166504;9.7681544;432;1125822.0320128;293.3751224;3837.4829104;9.6192214;1.1609054;02;12;02;42;02;0.1489334;0.0432124;0.1057214;-19.4415174;3.4701114;12;112;22;72;72.5476234;-0.3700564;0.7039684;616.9945684;32.5116734;9000.0000004;4.5000004;0.2500004;5552;136.8482974;27.2428574;62;9.5498734;0.0092914;62;80.3230974;NOT_AVAILABLE13;31.6154988;-21.0150748;301.1030308;9.6123378;False5;False5;02;True5;True5;True5;False5;False5;False5;True5;False5;0.0000004;0.0000004;0.9988624;nan4;nan4;nan4;nan4;nan4;nan4;nan4;nan4;nan4;nan4;nan4;nan4;nan4;nan4;nan4;nan4;nan4;nan4;nan4;nan4;nan4;1; 1.000
16361480689213767688;Gaia DR3 419103146255822988830;41910314625582298888;6229577448;2016.0000008;301.1654238;0.0204864;-10.5572538;0.0132704;2.2802958;0.0243384;93.6918334;8.1375784;1.6584748;0.0221454;-7.9667838;0.0157754;0.0127284;0.3912414;0.0078984;-0.3760624;-0.2832054;-0.2404834;0.4039394;-0.1066934;-0.4804974;0.0626474;3462;3462;3432;32;4.6458014;1356.7500004;0.1407564;27.8157944;312;True5;1.6558814;nan4;nan4;nan4;nan4;nan4;nan4;nan4;392;172;0.0309524;512;92;02;0.0423104;69.9050984;02;02;1.1828624;nan4;nan4;nan4;nan4;nan4;nan4;nan4;nan4;False5;3712;870679.9885888;206.6294564;4213.7265624;10.8377214;352;556479.9258348;236.9940804;2348.0751954;10.9749184;352;462056.3314238;137.9172064;3350.2443854;10.5861584;1.1698174;02;02;02;02;02;0.3887614;0.1371974;0.2515634;-18.8994164;2.6234154;12;222;22;122;60.6323324;0.1789344;0.3624884;895.4373174;39.1591574;8000.0000004;4.5000004;0.2500004;5552;96.4683844;23.7298894;152;10.4740464;0.0098524;152;nan4;NOT_AVAILABLE13;31.5653018;-20.9988808;301.0611978;9.5848258;False5;False5;02;True5;True5;False5;False5;False5;True5;True5;False5;0.0000004;0.0000004;0.9999324;8802.7275394;8708.3505864;8858.9687504;4.3005004;4.2778004;4.3140004;-0.2557004;-0.3305004;-0.1814004;443.4093024;439.1061104;448.7027894;0.6133004;0.5873004;0.6299004;0.5677004;0.5431004;0.5834004;0.3025004;0.2895004;0.3109004;A1; 1.000
16361480689213767688;Gaia DR3 419106791824064499230;41910679182406449928;2374731368;2016.0000008;301.5499788;0.0155064;-10.2544548;0.0108204;2.3091098;0.0184484;125.1671454;8.2104884;1.6551388;0.0186814;-8.0419308;0.0126264;0.2293254;0.0160834;-0.1095554;-0.1694974;0.0665854;-0.1687454;0.3101664;-0.3454584;-0.1687064;0.2900464;3462;3462;3442;22;1.3666214;942.0224004;0.1038014;14.6310914;312;False5;1.6417434;nan4;nan4;nan4;nan4;nan4;nan4;nan4;392;192;0.0272584;462;82;12;0.0581414;72.9516374;02;02;1.0519414;nan4;nan4;nan4;nan4;nan4;nan4;nan4;nan4;False5;3682;951013.8533558;212.2533264;4480.5605474;10.7418994;432;595169.8943728;338.6426394;1757.5161134;10.9019394;422;520804.7686108;172.5478674;3018.3205574;10.4562084;1.1734584;02;02;02;02;02;0.4457314;0.1600404;0.2856914;-11.5930894;2.6773174;12;242;62;162;66.0099184;1.5938504;0.0333294;965.2949834;47.9798054;7750.0000004;4.5000004;0.2500004;5552;172.1446384;45.2791524;172;10.3136524;0.0073204;182;nan4;NOT_AVAILABLE13;32.0316778;-21.2120488;301.5008568;9.8014478;False5;False5;02;True5;True5;False5;False5;False5;True5;True5;False5;0.0000004;0.0000004;0.9999234;7872.4829104;7865.1953124;7880.3090824;4.1934004;4.1836004;4.2063004;-0.3164004;-0.3188004;-0.3136004;404.7742004;398.8580024;409.6217044;0.3876004;0.3849004;0.3903004;0.3517004;0.3491004;0.3542004;0.1879004;0.1865004;0.1892004;PHOENIX1; 1.000
16361480689213767688;Gaia DR3 419103303880748736030;41910330388074873608;17079389208;2016.0000008;301.1821308;0.1181004;-10.5325708;0.0808314;2.2729048;0.1360254;16.7094294;8.0545594;1.3476748;0.1262244;-7.9410138;0.0955404;0.1178384;0.3814874;-0.0185614;-0.3037224;-0.2599284;-0.1775004;0.2928044;-0.1048224;-0.3466654;0.1933354;3412;02;3412;02;-0.4942404;337.7819824;0.0000004;0.0000004;312;False5;1.2829494;nan4;nan4;nan4;nan4;nan4;nan4;nan4;392;182;0.1806004;472;102;02;0.0132164;45.6737944;02;02;0.9800094;0.1899054;0.4814834;0.2788484;0.3040274;-84.8724824;-15.6105904;-45.5071564;34.5003434;False5;3302;1270.7150508;1.4403154;882.2479254;17.9272464;312;267.4503058;9.6521554;27.7088704;19.2704354;332;1503.8269998;8.9970984;167.1457824;16.8049014;1.3939224;02;32;02;12;02;2.4655344;1.3431894;1.1223454;nan4;nan4;02;02;02;02;nan4;nan4;nan4;nan4;nan4;nan4;nan4;nan4;02;nan4;nan4;02;nan4;nan4;02;nan4;NOT_AVAILABLE13;31.5967138;-21.0032458;301.0827158;9.6055358;False5;False5;02;False5;False5;False5;False5;False5;True5;True5;False5;0.0000004;0.0000004;0.9995614;3539.8666994;3526.6401374;3551.7426764;4.8501004;4.8260004;4.8697004;-0.2705004;-0.3151004;-0.2144004;386.7200014;370.2672124;407.4375004;0.6841004;0.6418004;0.7192004;0.4548004;0.4263004;0.4785004;0.2784004;0.2616004;0.2922004;MARCS1; 1.000
16361480689213767688;Gaia DR3 419108310524534502430;41910831052453450248;8492847528;2016.0000008;301.1132248;0.0297224;-10.0691958;0.0197534;2.2221358;0.0348644;63.7364204;7.9112764;1.4772378;0.0345154;-7.7721348;0.0231444;0.1291774;-0.0382084;0.0543904;-0.2924594;-0.0752824;-0.2452474;0.2619994;-0.3433904;-0.1911424;0.1810424;3102;02;3092;12;0.0310404;308.5207214;0.0000004;0.0000004;312;False5;1.3782354;nan4;nan4;nan4;nan4;nan4;nan4;nan4;352;182;0.0494824;442;72;02;0.0091354;4.3829414;02;02;1.0001624;0.1663554;0.4979424;0.1878194;0.3460994;-153.3066714;-17.9825064;-40.4759904;39.5975994;False5;3292;15749.9448388;26.7013384;589.8560184;15.1941694;392;5216.5894848;34.7260934;150.2210244;16.0450764;402;15347.9977108;59.6013344;257.5109864;14.2827664;1.3056934;02;12;02;02;02;1.7623104;0.8509074;0.9114034;-35.7843514;8.3663474;22;182;22;152;4.0722484;nan4;nan4;965.2947394;nan4;4250.0000004;3.5000004;-0.2500004;1112;nan4;nan4;02;13.7765264;0.0810094;182;nan4;VARIABLE13;32.0142638;-20.7442108;301.1136318;10.0728518;False5;False5;02;True5;False5;False5;True5;False5;True5;True5;False5;0.0000004;0.0000004;0.9997394;4280.0961914;4266.4565434;4295.0097664;4.3970004;4.3799004;4.4223004;0.0535004;0.0133004;0.1080004;430.3728034;421.2538154;438.8508004;0.8416004;0.8237004;0.8573004;0.6142004;0.6008004;0.6260004;0.3272004;0.3202004;0.3333004;MARCS1; 1.000
16361480689213767688;Gaia DR3 419108210881288537630;41910821088128853768;2663328748;2016.0000008;301.1646938;0.0221894;-10.0957648;0.0151054;2.2506478;0.0263314;85.4765014;7.8661734;1.4695508;0.0264104;-7.7276848;0.0177934;0.1012164;0.0245664;0.0570804;-0.2335144;0.0432954;-0.2224224;0.3563484;-0.3462414;-0.2127714;0.1780774;3262;82;3262;02;4.1001914;442.9309084;0.0644754;1.6123494;312;False5;1.4643584;nan4;nan4;nan4;nan4;nan4;nan4;nan4;372;182;0.0378304;462;72;02;0.0636934;69.3968584;02;02;1.1650184;nan4;nan4;nan4;nan4;nan4;nan4;nan4;nan4;False5;3632;30192.2056808;19.6862724;1533.6680914;14.4876304;432;13195.7193968;31.3503784;420.9110114;15.0374594;412;24207.3571548;49.0383454;493.6413884;13.7880274;1.2388324;02;12;02;12;02;1.2494334;0.5498294;0.6996034;-22.7776854;5.1721984;22;202;12;152;5.1297444;nan4;nan4;937.6276864;nan4;4500.0000004;3.0000004;-0.5000004;1112;nan4;nan4;02;13.6643224;0.0879334;212;nan4;VARIABLE13;32.0117708;-20.8013808;301.1583248;10.0362828;False5;False5;02;True5;True5;False5;True5;False5;True5;True5;False5;0.0000004;0.0000004;0.9998434;4981.0229494;4966.3085944;4996.4228524;4.5358004;4.5287004;4.5435004;-0.2032004;-0.2199004;-0.1877004;438.2930914;433.3630984;443.1679994;0.4449004;0.4318004;0.4582004;0.3513004;0.3407004;0.3619004;0.1871004;0.1814004;0.1927004;MARCS1; 1.000
16361480689213767688;Gaia DR3 419108537298463244830;41910853729846324488;17275344298;2016.0000008;301.2794678;0.0192764;-10.0643938;0.0133874;2.2881918;0.0242624;94.3110504;7.8950704;1.5214278;0.0242644;-7.7470898;0.0152814;0.2041854;0.0396544;-0.1483644;-0.2283894;0.1840554;-0.2851534;0.2482424;-0.4492274;-0.2168104;0.2579104;3192;3192;3152;42;2.3495564;1390.1838384;0.1393864;28.2173844;312;False5;1.6141704;nan4;nan4;nan4;nan4;nan4;nan4;nan4;362;172;0.0357054;522;72;02;0.0750514;69.5054404;12;02;1.0947214;nan4;nan4;nan4;nan4;nan4;nan4;nan4;nan4;False5;3622;640793.0665818;223.3561404;2868.9296884;11.1705724;442;382491.2899778;205.2541204;1863.5010994;11.3819894;432;374567.6589448;95.0454414;3940.9323734;10.8140704;1.1814414;02;12;02;02;02;0.5679194;0.2114164;0.3565034;-15.4198874;0.6448584;12;202;42;152;49.9324304;-2.4896144;0.9979884;965.2207644;7.8514144;7000.0000004;4.0000004;-0.2500004;5552;17.9295184;9.9889294;132;10.6601074;0.0083864;142;nan4;NOT_AVAILABLE13;32.0938498;-20.8900928;301.2772108;10.0432958;False5;False5;02;True5;True5;False5;False5;False5;False5;True5;False5;0.0000004;0.0000004;0.9998994;nan4;nan4;nan4;nan4;nan4;nan4;nan4;nan4;nan4;nan4;nan4;nan4;nan4;nan4;nan4;nan4;nan4;nan4;nan4;nan4;nan4;1; 1.000
16361480689213767688;Gaia DR3 419107454967032089630;41910745496703208968;12387162638;2016.0000008;301.1129418;0.0548124;-10.3226388;0.0306074;2.2861678;0.0661544;34.5584724;7.8269394;1.3125928;0.0561264;-7.7160928;0.0410794;-0.0099944;0.5335434;-0.0775814;-0.4929024;-0.1455644;-0.2271634;0.3052154;-0.3222004;-0.5393534;0.2185524;2612;02;2602;12;6.8571144;455.2219544;0.2124994;5.8729094;312;False5;1.3990044;nan4;nan4;nan4;nan4;nan4;nan4;nan4;302;162;0.0855324;432;82;02;0.0140554;76.4881364;02;02;1.3170884;0.2231204;0.4829864;0.2741384;0.3197314;-55.4901014;-13.9179204;-46.3018424;37.5123104;False5;3172;10937.1703538;20.9849404;521.1914064;15.5901044;352;4014.7074288;30.1165644;133.3056344;16.3294074;362;10337.6512628;47.6573684;216.9161224;14.7118414;1.3122554;02;22;02;02;02;1.6175664;0.7393034;0.8782634;nan4;nan4;02;02;02;02;nan4;nan4;nan4;nan4;nan4;nan4;nan4;nan4;02;nan4;nan4;02;nan4;nan4;02;nan4;NOT_AVAILABLE13;31.7690218;-20.8522498;301.0596588;9.8250468;False5;False5;02;True5;False5;False5;False5;False5;True5;True5;False5;0.0000004;0.0000004;0.9993244;4144.8325204;4135.5976564;4156.2709964;4.4462004;4.4360004;4.4528004;-0.2885004;-0.3014004;-0.2698004;506.9970094;502.6156014;513.5571294;0.1829004;0.1690004;0.1992004;0.1340004;0.1238004;0.1461004;0.0721004;0.0666004;0.0785004;PHOENIX1; 1.000
16361480689213767688;Gaia DR3 419113114015966681630;41911311401596668168;15528552148;2016.0000008;301.0159088;0.1072314;-10.0254348;0.0761484;2.4614318;0.1223184;20.1232894;8.5777314;0.7812928;0.1254204;-8.5420758;0.0902114;0.2666724;0.0274624;-0.0073674;-0.1103574;-0.1647424;-0.0809564;0.3435274;-0.1646644;-0.2693114;0.2926224;3102;02;3082;22;-0.9569314;293.3382264;0.0000004;0.0000004;312;False5;1.2704364;nan4;nan4;nan4;nan4;nan4;nan4;nan4;352;172;0.1813154;442;92;02;0.0218144;84.2924424;02;02;0.9602954;0.0842334;0.5055744;0.1399434;0.3781904;-120.5217364;-20.2379914;-35.1459394;40.7679414;False5;3482;1551.9797348;2.2380584;693.4494024;17.7101524;422;311.9182588;10.1932134;30.6005844;19.1034394;432;1901.2025998;10.9573294;173.5096744;16.5503254;1.4259994;02;12;02;02;02;2.5531144;1.3932884;1.1598264;nan4;nan4;02;02;02;02;nan4;nan4;nan4;nan4;nan4;nan4;nan4;nan4;02;nan4;nan4;02;nan4;nan4;02;nan4;NOT_AVAILABLE13;32.0126898;-20.6388778;301.0277048;10.1356298;False5;False5;02;False5;False5;False5;False5;False5;True5;True5;False5;0.0000004;0.0000004;0.9990194;3537.2675784;3529.5859384;3544.6389164;4.8110004;4.7979004;4.8245004;-0.1765004;-0.2057004;-0.1499004;344.0433964;334.7278144;352.5151984;0.9734004;0.9440004;1.0036004;0.6405004;0.6211004;0.6605004;0.3952004;0.3837004;0.4068004;MARCS1; 0.800
16361480689213767688;Gaia DR3 419108145168036915230;41910814516803691528;10659735308;2016.0000008;301.1114678;0.0971484;-10.1521758;0.0674824;2.1676498;0.1159004;18.7028164;7.9336384;1.3893248;0.1121214;-7.8110438;0.0828404;0.1951614;0.1904274;-0.0296934;-0.2006004;-0.0867594;-0.1087424;0.3320724;-0.2915114;-0.3291254;0.2919424;3322;02;3302;22;-0.9576184;314.7476814;0.0000004;0.0000004;312;False5;1.2869534;nan4;nan4;nan4;nan4;nan4;nan4;nan4;382;182;0.1650904;472;92;02;0.0200514;47.3816304;02;02;0.9616634;0.0749484;0.4861864;0.1332904;0.3731774;-107.1082994;-19.3949684;-45.2831234;39.3214724;False5;3592;1694.2406748;2.5009664;677.4345094;17.6149294;442;355.4601078;6.8666634;51.7660644;18.9615654;462;1986.7493438;10.0728184;197.2386784;16.5025394;1.3824544;02;02;02;22;02;2.4590264;1.3466364;1.1123914;nan4;nan4;02;02;02;02;nan4;nan4;nan4;nan4;nan4;nan4;nan4;nan4;02;nan4;nan4;02;nan4;nan4;02;nan4;NOT_AVAILABLE13;31.9332588;-20.7781408;301.0943248;9.9920608;False5;False5;02;True5;False5;False5;False5;False5;True5;True5;False5;0.0000004;0.0000004;0.9996174;3670.4350594;3654.9843754;3685.1618654;4.6957004;4.6745004;4.7369004;-0.1964004;-0.2906004;-0.1030004;429.5986024;395.8700874;447.4193124;1.1142004;1.0866004;1.1470004;0.7469004;0.7282004;0.7690004;0.4436004;0.4331004;0.4559004;MARCS1; 0.600
16361480689213767688;Gaia DR3 419123851434268864030;41912385143426886408;2017496968;2016.0000008;301.8839888;0.0566604;-10.3413318;0.0376124;2.1912818;0.0633844;34.5717774;7.9688794;1.4467728;0.0655574;-7.8364468;0.0431694;0.2485024;-0.0631314;-0.0907694;-0.2747484;-0.0321184;-0.2794754;0.1519074;-0.2428874;-0.1323374;0.2174074;3592;02;3572;22;-0.0824034;365.6351624;0.0000004;0.0000004;312;False5;1.3353584;nan4;nan4;nan4;nan4;nan4;nan4;nan4;422;182;0.0939724;482;122;02;0.0476894;43.1402134;02;02;0.9959504;0.1583574;0.5031074;0.1419364;0.3523804;-170.7340094;-17.6734034;-39.4630664;41.9441914;False5;3952;3835.8780128;7.6517184;501.3094184;16.7277054;462;1073.4089298;18.1345604;59.1913414;17.7616294;462;4107.0862548;24.1758274;169.8840034;15.7140614;1.3505374;02;22;02;32;02;2.0475684;1.0339244;1.0136444;nan4;nan4;02;02;02;02;nan4;nan4;nan4;nan4;nan4;nan4;nan4;nan4;02;nan4;nan4;02;nan4;nan4;02;nan4;NOT_AVAILABLE13;32.0978368;-21.5463388;301.8079848;9.6468248;False5;False5;02;True5;False5;False5;False5;False5;False5;True5;False5;0.0000004;0.0000004;0.9982584;3935.1811524;3921.7346194;3974.5588384;4.6846004;4.6738004;4.6948004;-0.0159004;-0.0781004;0.0642004;424.2930914;412.5396124;437.6893924;0.8071004;0.7837004;0.8538004;0.5651004;0.5484004;0.5985004;0.3153004;0.3064004;0.3340004;MARCS1; 1.000
16361480689213767688;Gaia DR3 419144975801379008030;41914497580137900808;3299976268;2016.0000008;301.4821138;0.0329914;-10.0343118;0.0224684;2.2898728;0.0392474;58.3447424;7.9562454;1.4804958;0.0409074;-7.8172878;0.0262624;0.2447254;-0.0879224;-0.0796694;-0.1708094;0.0288824;-0.2077534;0.1967944;-0.3270074;-0.2013524;0.2639574;3582;02;3562;22;-0.5492384;346.0462344;0.0000004;0.0000004;312;False5;1.3888794;nan4;nan4;nan4;nan4;nan4;nan4;nan4;412;182;0.0590154;462;92;02;0.0895674;68.0558014;02;02;0.9783994;0.2175754;0.4981054;0.1081424;0.3293324;176.2398074;-16.7654884;-45.3676414;38.6682284;False5;3722;9833.4297928;18.9528434;518.8366704;15.7056054;402;3439.2771378;33.0148934;104.1735084;16.4973744;422;9277.9861498;37.8029984;245.4299014;14.8292614;1.2932684;02;22;02;02;02;1.6681134;0.7917694;0.8763444;nan4;nan4;02;02;02;02;nan4;nan4;nan4;nan4;nan4;nan4;nan4;nan4;02;nan4;nan4;02;nan4;nan4;02;nan4;VARIABLE13;32.2144308;-21.0575528;301.4817408;10.0307328;False5;False5;02;True5;False5;False5;True5;False5;True5;True5;False5;0.0000004;0.0000004;0.9995914;4344.8256844;4335.8666994;4354.0615234;4.6552004;4.6485004;4.6603004;-0.0554004;-0.0747004;-0.0382004;407.2809144;404.0718084;410.5010074;0.4888004;0.4750004;0.5055004;0.3598004;0.3495004;0.3723004;0.1918004;0.1864004;0.1985004;PHOENIX1; 1.000
16361480689213767688;Gaia DR3 419145195703727552030;41914519570372755208;8259142008;2016.0000008;301.5762358;0.0631974;-9.9639188;0.0434944;2.2715738;0.0710304;31.9805434;7.8879774;1.3554678;0.0738344;-7.7706438;0.0488034;0.3953804;-0.0941344;-0.2413494;-0.1288844;-0.0724534;-0.2137744;0.1839374;-0.1810864;-0.2410414;0.2767634;3642;02;3622;22;0.2408314;380.1019904;0.0000004;0.0000004;312;False5;1.2854204;nan4;nan4;nan4;nan4;nan4;nan4;nan4;412;182;0.1075024;452;112;02;0.0218704;66.6965104;12;02;1.0080904;0.1418824;0.5315914;0.1183074;0.3167384;-176.2727514;-19.5018944;-31.5843284;41.5332414;False5;3762;3073.3584308;2.5506634;1204.9254154;16.9683344;402;646.2884428;11.1041374;58.2024884;18.3124774;352;3649.0415578;11.4894434;317.5995184;15.8424484;1.3976014;02;12;02;02;02;2.4700294;1.3441434;1.1258864;nan4;nan4;02;02;02;02;nan4;nan4;nan4;nan4;nan4;nan4;nan4;nan4;02;nan4;nan4;02;nan4;nan4;02;nan4;NOT_AVAILABLE13;32.3251508;-21.1111678;301.5888578;10.0799548;False5;False5;02;True5;False5;False5;False5;False5;True5;True5;False5;0.0000004;0.0000004;0.9976674;3592.9892584;3589.8840334;3600.5734864;4.3910004;4.3642004;4.4387004;-0.5629004;-0.6020004;-0.5076004;414.3452154;397.1258854;425.5455934;1.0191004;1.0029004;1.0343004;0.6808004;0.6699004;0.6908004;0.4084004;0.4023004;0.4141004;MARCS1; 1.000
16361480689213767688;Gaia DR3 419152091703246886430;41915209170324688648;17300148118;2016.0000008;301.2701418;0.0282744;-9.7243548;0.0201604;2.1770468;0.0330104;65.9509584;7.5795304;1.2526208;0.0341814;-7.4753078;0.0231324;0.3342334;-0.1362294;-0.1468404;-0.0689654;-0.1587824;-0.1199664;0.2995374;-0.1748724;-0.2338254;0.2676614;3662;02;3642;22;-0.8790654;345.1129464;0.0000004;0.0000004;312;False5;1.4098874;nan4;nan4;nan4;nan4;nan4;nan4;nan4;422;182;0.0490854;482;92;02;0.0290024;16.8506364;02;22;0.9664554;0.1691664;0.5023454;0.1386814;0.3448614;-167.6226654;-19.3944174;-32.8364144;39.4820184;False5;3722;12526.5569608;32.7077874;382.9839484;15.4427874;462;4715.9747508;46.5621454;101.2834474;16.1546134;432;11473.1321348;83.9916994;136.5984044;14.5986914;1.2923834;02;22;02;32;02;1.5559234;0.7118264;0.8440964;nan4;nan4;02;02;02;02;nan4;nan4;nan4;nan4;nan4;nan4;nan4;nan4;02;nan4;nan4;02;nan4;nan4;02;nan4;VARIABLE13;32.4182578;-20.7359588;301.3405808;10.3776928;False5;False5;02;True5;False5;False5;True5;False5;True5;True5;False5;0.0000004;0.0000004;0.9999154;5077.5546884;5040.8432624;5104.0488284;4.6816004;4.6681004;4.6963004;-0.6065004;-0.6609004;-0.5538004;410.6817024;399.8279114;419.5906984;1.3444004;1.3125004;1.3665004;1.0397004;1.0139004;1.0577004;0.5631004;0.5499004;0.5731004;MARCS1; 0.900
16361480689213767688;Gaia DR3 419146841535208729630;41914684153520872968;1065574768;2016.0000008;301.4320788;0.0873584;-9.8622138;0.0653974;2.2506828;0.1008214;22.3234374;7.8865944;1.4756188;0.1126844;-7.7473178;0.0790704;0.4081474;-0.0234624;-0.1845394;-0.0582974;-0.0873234;-0.0733524;0.2606394;-0.2534614;-0.2547504;0.3977324;3512;02;3512;02;2.0918344;422.2660524;0.2117444;0.8564144;312;False5;1.2930914;nan4;nan4;nan4;nan4;nan4;nan4;nan4;402;182;0.1674674;462;112;02;0.0194874;17.8584824;02;02;1.0795764;0.1212774;0.5016244;0.0999034;0.3615684;-176.6197514;-20.9936454;-42.1463514;39.9842454;False5;3722;1817.0276858;1.7055774;1065.3446044;17.5389634;422;397.4710648;6.1421104;64.7124564;18.8402794;382;2128.9796468;9.5785074;222.2663274;16.4274674;1.3904304;02;22;02;12;02;2.4128114;1.3013154;1.1114964;nan4;nan4;02;02;02;02;nan4;nan4;nan4;nan4;nan4;nan4;nan4;nan4;02;nan4;nan4;02;nan4;nan4;02;nan4;NOT_AVAILABLE13;32.3583628;-20.9392728;301.4696688;10.2093528;False5;False5;02;True5;False5;False5;False5;False5;True5;True5;False5;0.0000004;0.0000004;0.9976674;3601.1726074;3576.1425784;3619.7443854;4.5062004;4.3976004;4.5669004;-0.7634004;-0.8593004;-0.6909004;403.8771974;384.7355964;495.2067874;1.0577004;1.0129004;1.0935004;0.7103004;0.6798004;0.7350004;0.4185004;0.4008004;0.4326004;MARCS1; 0.800
